City_long,City_lat,city,pm1.0_atm,pm2.5_atm,pm10.0_atm,pressure,temperature,humidity,voc
-49.273056,-25.427778,Curitiba,10.05290573327152,13.242509069309223,14.84807249652295,909.3232387092412,77.41987328079122,62.49684940503786,74.3083171070932
-50.382778,-25.874167,Sao Mateus do Sul,6.578024168293477,8.197672609606311,9.039073846998535,924.0711777696438,85.91986538148691,50.68166178623719,70.62260015477354
-53.05499999999999,-26.081111000000003,Francisco Beltrao,5.375500000000001,6.515499999999999,7.350152777777778,939.7789444444444,88.51527777777778,52.53055555555556,106.95590277777778
-54.093889,-25.295278000000003,Medianeira,4.105,4.967923611111111,5.471041666666666,962.2214166666664,92.4486111111111,52.206944444444446,131.4427638888889
-54.58805600000001,-25.547778,Foz do Iguacu,5.933999999999999,7.379090277777777,8.237465277777778,989.0715555555556,92.75972222222222,51.12916666666667,98.80881944444444
-54.05666699999998,-24.556110999999994,Marechal Candido Rondon,5.681114206128133,6.772506963788301,7.143558495821726,963.1873955431756,86.79526462395543,59.9066852367688,76.87483286908079
-52.383056,-24.045556,Campo Mourao,4.527909722222222,5.253402777777778,5.85996875,944.0379097222224,82.54097222222222,63.53888888888889,87.36386805555554
-50.16194400000001,-25.094999999999995,Ponta Grossa,4.997816411682893,6.607628650904034,7.469165507649513,909.6234075104312,85.58553546592489,53.18776077885953,94.02229485396384
-51.162778,-23.310278000000004,Londrina,1.1907352941176468,1.4664705882352944,1.7172058823529412,948.6102941176472,83.26470588235294,60.55882352941177,155.5421212121212
