City_long,City_lat,city,pm1.0_atm,pm2.5_atm,pm10.0_atm,pressure,temperature,humidity,voc
-49.273056,-25.427778,Curitiba,2.375866391274889,2.9184375341507662,3.2438930780495268,910.3993675824536,72.39423097938933,66.86706882608792,88.77387417218543
-50.382778,-25.874167,Sao Mateus do Sul,9.426364680836684,11.5302782752678,12.3290108021041,925.8098380810776,78.95119341285664,53.88128386217461,77.1846191103752
-53.05500000000001,-26.081111,Francisco Beltrao,7.699075907590758,9.133894389438945,9.87118811881188,940.656402640264,78.35313531353135,62.68316831683168,171.37739273927392
-54.09388899999999,-25.295278,Medianeira,5.834152823920267,7.567857142857143,8.84563122923588,961.8797342192688,89.37873754152824,45.33554817275748,107.76376666666664
-54.58805599999999,-25.547778,Foz do Iguacu,11.249669966996702,14.731732673267327,17.46920792079208,988.903894389439,88.51815181518151,48.80858085808581,95.10125412541254
-54.05666699999999,-24.556111,Marechal Candido Rondon,4.993498349834983,5.906633663366336,6.414207920792079,963.035808580858,83.9009900990099,51.71287128712871,62.14115511551155
-52.383056,-24.045556000000005,Campo Mourao,3.424714308351365,3.958890701156208,4.4541416409852905,944.6471149432824,83.62219963718226,51.946937905711096,85.41879182785829
-50.161944000000005,-25.094999999999995,Ponta Grossa,2.5666887417218542,3.089039735099337,3.5280629139072843,910.7888410596024,74.88741721854305,64.11258278145695,65.97172185430463
-51.162778,-23.310278,Londrina,0.7613636363636364,1.0228030303030302,1.3734090909090908,950.5353030303029,88.75757575757575,45.166666666666664,105.50723076923077
