City_long,City_lat,city,pm1.0_atm,pm2.5_atm,pm10.0_atm,pressure,temperature,humidity,voc
-51.458056,-25.395278,Guarapuava,9.390354706684857,12.25731241473397,12.98536152796726,901.0415688949522,88.42291950886766,49.27012278308322,85.79787682333874
