City_long,City_lat,city,pm1.0_atm,pm2.5_atm,pm10.0_atm,pressure,temperature,humidity,voc
-49.273056,-25.427778,Curitiba,2.3562184873949583,3.0374422268907564,3.418240546218488,908.3711554621848,78.03571428571428,58.53991596638656,84.77006302521009
-50.382778000000016,-25.874167,Sao Mateus do Sul,5.991136177309061,7.38040601883769,8.2045959608899,923.5862583847286,82.35861251374163,51.219603029681934,68.67150163502208
-53.05499999999999,-26.081111000000007,Francisco Beltrao,7.951659663865546,9.5077731092437,10.182920168067229,939.8375840336134,80.53991596638656,65.21218487394958,101.64623949579833
-54.09388899999999,-25.295278,Medianeira,7.187993697478991,8.70280462184874,9.4794012605042,962.874705882353,86.33193277310924,54.890756302521005,94.64302521008403
-54.588056000000016,-25.547778,Foz do Iguacu,4.37438025210084,5.487867647058824,6.279716386554623,990.4271638655464,86.5609243697479,50.36344537815126,64.52844537815126
-54.056666999999976,-24.556110999999994,Marechal Candido Rondon,6.1903991596638654,7.279863445378152,7.790735294117646,963.5227100840336,85.0546218487395,57.53781512605042,65.71903361344538
-52.383056,-24.045556,Campo Mourao,4.726139705882353,5.947573529411764,7.147904411764706,943.8749894957982,84.39600840336135,54.75840336134453,86.33806722689076
-50.16194399999999,-25.095,Ponta Grossa,4.316397058823529,5.696754201680673,6.406869747899159,909.1310714285714,79.0546218487395,56.23529411764706,69.4663025210084
-51.162778,-23.310278000000004,Londrina,0.9686280487804876,1.3144512195121951,1.6887195121951222,948.8940853658536,86.78658536585365,47.77439024390244,96.56196319018406
