City_long,City_lat,city,pm1.0_atm,pm2.5_atm,pm10.0_atm,pressure,temperature,humidity,voc
-51.458056,-25.395278,Guarapuava,5.5767852257181945,7.618590971272229,8.882708618331053,900.3842954856361,85.22571819425444,56.59644322845417,86.59818035426731
