City_long,City_lat,city,pm1.0_atm,pm2.5_atm,pm10.0_atm,pressure,temperature,humidity,voc
-51.458056,-25.395278,Guarapuava,3.0792749658002734,4.071477428180574,4.5124350205198365,900.5072640218879,87.63064295485636,49.031463748290015,94.5488141025641
