City_long,City_lat,city,pm1.0_atm,pm2.5_atm,pm10.0_atm,pressure,temperature,humidity,voc
-51.458056,-25.395278,Guarapuava,3.773374316939891,4.849043715846994,5.261352459016393,899.4713524590164,83.85382513661202,59.099726775956285,110.6963209076175
