City_long,City_lat,city,pm1.0_atm,pm2.5_atm,pm10.0_atm,pressure,temperature,humidity,voc
-49.273056,-25.427778,Curitiba,6.210387954253095,8.13808159470976,8.677843101784852,911.58401053224,73.69004462132176,69.20184917189258,76.44351664254704
-50.382778,-25.874167,Sao Mateus do Sul,9.637110027855153,12.525717270194988,13.381935933147632,924.299331476323,79.37604456824512,58.54735376044568,91.9098885793872
-53.055,-26.081111,Francisco Beltrao,9.165410292072323,10.84443671766342,11.54924895688456,941.7243532684284,75.87065368567455,73.90403337969401,164.43082058414467
-54.093889,-25.295278000000003,Medianeira,5.627034722222223,6.759583333333333,7.330590277777778,962.925222222222,82.99861111111112,61.293055555555554,150.419375
-54.58805600000001,-25.547778,Foz do Iguacu,6.932409722222221,8.355381944444444,9.177069444444443,989.9699305555556,87.25694444444444,55.68333333333333,98.1677222222222
-54.05666699999999,-24.556111,Marechal Candido Rondon,6.104748953974895,7.217831241283124,7.723082287308227,963.8254532775454,81.45467224546722,64.73082287308229,67.22574616457462
-52.383056,-24.045556,Campo Mourao,6.997928544171144,8.042039237411911,8.712371257084856,945.4761080752826,77.93741888494156,67.42728313465389,94.80873784000528
-50.161944,-25.094999999999995,Ponta Grossa,8.654604166666667,10.960604166666666,11.81407638888889,911.9625694444444,77.09166666666667,63.62361111111111,109.03894444444444
-51.162778,-23.310278000000004,Londrina,5.434999162343277,6.878996662883702,7.49098123378729,949.2969696011672,80.71588845654993,64.33096627756161,89.05468185763888
