City_long,City_lat,city,pm1.0_atm,pm2.5_atm,pm10.0_atm,pressure,temperature,humidity,voc
-51.458056,-25.395278,Guarapuava,6.541967213114755,8.897281420765028,10.078374316939891,902.6532786885246,84.57377049180327,58.23907103825137,86.3755501618123
