City_long,City_lat,city,pm1.0_atm,pm2.5_atm,pm10.0_atm,pressure,temperature,humidity,voc
-49.273056,-25.427778,Curitiba,15.916833333333336,22.965666666666667,26.10233333333333,,-24.602,55.35233333333334,125.82
-48.991111,-24.657222,Adrianopolis,5.827500000000001,8.339500000000001,11.597,,85.278,56.111,
-50.382778,-25.874167,Sao Mateus do Sul,11.31275,14.637250000000002,16.369999999999997,,83.977,48.65,86.993
-53.055,-26.081111,Francisco Beltrao,8.0575,9.9845,10.6965,,84.757,50.826,88.839
-54.588056,-25.547778,Foz do Iguacu,12.225,16.619,19.43,,92.299,44.211,101.384
-54.056667,-24.556111,Marechal Candido Rondon,6.901,8.9945,10.3495,,94.4285,36.056,87.7425
-52.383056,-24.045556,Campo Mourao,4.304,5.114,5.75575,,86.9285,43.175,81.2695
-50.161944,-25.095,Ponta Grossa,8.847999999999999,11.221,12.23,,87.783,48.358,74.041
-51.458056,-25.395278,Guarapuava,9.840081967213116,13.427581967213117,14.993456284153003,902.0212568306011,83.85382513661202,45.13661202185792,114.2770081300813
