City_long,City_lat,city,pm1.0_atm,pm2.5_atm,pm10.0_atm,pressure,temperature,humidity,voc
-49.273056,-25.427778,Curitiba,16.865666666666666,23.313,26.48283333333333,,-23.297,49.07066666666666,85.051
-48.991111,-24.657222,Adrianopolis,11.144,14.9395,17.8135,,84.255,58.596,
-50.382778,-25.874167,Sao Mateus do Sul,13.6905,18.47625,20.6625,,84.277,51.529,84.763
-53.055,-26.081111,Francisco Beltrao,10.4615,13.356,14.957999999999998,,83.969,59.586,132.036
-54.588056,-25.547778,Foz do Iguacu,9.4385,11.9685,13.225,,91.014,51.762,77.474
-54.056667,-24.556111,Marechal Candido Rondon,5.38225,7.047,7.9925,,93.463,38.5395,92.9885
-52.383056,-24.045556,Campo Mourao,6.68325,8.125,9.247,,86.886,41.208,72.0485
-50.161944,-25.095,Ponta Grossa,20.2885,28.76,32.9045,,86.383,40.846,90.4
-51.458056,-25.395278,Guarapuava,7.060738714090287,9.33502051983584,10.54310533515732,900.9320109439124,83.34473324213407,51.1764705882353,111.92179611650484
