City_long,City_lat,city,pm1.0_atm,pm2.5_atm,pm10.0_atm,pressure,temperature,humidity,voc
-51.458056,-25.395278,Guarapuava,10.414139344262294,13.759726775956285,14.639234972677595,900.5106830601093,83.25,57.57513661202186,71.47549593495935
