City_long,City_lat,city,pm1.0_atm,pm2.5_atm,pm10.0_atm,pressure,temperature,humidity,voc
-51.458056,-25.395278,Guarapuava,3.3637523452157603,4.27750469043152,4.685609756097561,900.1243339587243,81.42776735459663,58.39587242026266,86.4892731277533
