City_long,City_lat,city,pm1.0_atm,pm2.5_atm,pm10.0_atm,pressure,temperature,humidity,voc
-51.458056,-25.395278,Guarapuava,4.542096551724138,5.722068965517241,6.069172413793103,895.6234482758621,82.86896551724138,51.86620689655173,101.85734959349593
