City_long,City_lat,city,pm1.0_atm,pm2.5_atm,pm10.0_atm,pressure,temperature,humidity,voc
-51.458056,-25.395278,Guarapuava,5.823510928961749,7.450928961748634,8.039959016393443,902.7686202185791,87.40300546448087,42.55464480874317,97.209552
