City_long,City_lat,city,pm1.0_atm,pm2.5_atm,pm10.0_atm,pressure,temperature,humidity,voc
-49.273056,-25.427778,Curitiba,7.504833333333333,10.491333333333332,11.347500000000002,,-30.442000000000007,58.62233333333334,93.254
-50.382778,-25.874167,Sao Mateus do Sul,13.205750000000002,18.301,20.836,,71.147,60.334,80.91900000000001
-53.055,-26.081111,Francisco Beltrao,7.4315,9.3605,10.139,,73.103,59.977,139.281
-54.588056,-25.547778,Foz do Iguacu,7.809,9.876,10.9555,,78.144,54.544,81.721
-54.056667,-24.556111,Marechal Candido Rondon,6.60175,8.315,9.2385,,86.32400000000001,44.7355,88.0795
-52.383056,-24.045556,Campo Mourao,7.689500000000001,9.22875,10.111999999999998,,78.4285,51.6125,81.3505
-50.161944,-25.095,Ponta Grossa,2.5705,3.46725,3.78325,,78.795,54.2385,75.9435
-51.162778,-23.310278,Londrina,9.828,13.6375,14.4785,,78.858,65.156,72.808
-51.458056,-25.395278,Guarapuava,4.356671232876712,6.074219178082192,6.73527397260274,903.5680273972604,73.1041095890411,51.19315068493151,94.14057971014492
