City_long,City_lat,city,pm1.0_atm,pm2.5_atm,pm10.0_atm,pressure,temperature,humidity,voc
-51.458056,-25.395278,Guarapuava,,,,,,,
-51.458056,-25.395278,Guarapuava,15.295857740585772,21.072384937238493,23.507656903765692,900.9070711297071,88.6513249651325,40.79497907949791,106.87777777777778
