City_long,City_lat,city,pm1.0_atm,pm2.5_atm,pm10.0_atm,pressure,temperature,humidity,voc
-51.458056,-25.395278,Guarapuava,4.04285519125683,5.197827868852459,5.685040983606557,899.8056830601093,85.89617486338798,50.6707650273224,87.3076252019386
