City_long,City_lat,city,pm1.0_atm,pm2.5_atm,pm10.0_atm,pressure,temperature,humidity,voc
-51.458056,-25.395278,Guarapuava,0.4116530054644808,0.6272950819672132,0.7378825136612022,902.1834836065576,77.89890710382514,62.80191256830601,100.0113128038898
