City_long,City_lat,city,pm1.0_atm,pm2.5_atm,pm10.0_atm,pressure,temperature,humidity,voc
-49.273056,-25.427778,Curitiba,4.516500000000001,6.313833333333332,6.899000000000001,,-28.80366666666667,71.80766666666666,97.401
-48.991111,-24.657222,Adrianopolis,2.997,4.1610000000000005,4.813,,79.584,68.643,
-50.382778,-25.874167,Sao Mateus do Sul,3.329,4.580500000000001,5.22325,,77.4815,69.511,83.9105
-53.055,-26.081111,Francisco Beltrao,8.677,10.9555,11.7645,,79.491,76.761,137.272
-54.588056,-25.547778,Foz do Iguacu,12.3785,15.6975,16.920499999999997,,89.342,62.814,86.336
-54.056667,-24.556111,Marechal Candido Rondon,7.90025,9.83275,10.54,,85.22049999999999,65.126,78.543
-52.383056,-24.045556,Campo Mourao,3.12675,3.743,4.072,,79.41399999999999,71.7895,98.069
-50.161944,-25.095,Ponta Grossa,7.9455,10.2665,10.9935,,76.677,74.683,83.768
-51.458056,-25.395278,Guarapuava,7.878374100719425,9.970043165467626,10.53620143884892,901.7224028776976,82.20575539568345,54.85755395683453,100.41375634517766
