City_long,City_lat,city,pm1.0_atm,pm2.5_atm,pm10.0_atm,pressure,temperature,humidity,voc
-51.458056,-25.395278,Guarapuava,8.13863387978142,10.91561475409836,12.013838797814207,902.1456830601091,89.69945355191257,45.814207650273225,90.5333009708738
