City_long,City_lat,city,pm1.0_atm,pm2.5_atm,pm10.0_atm,pressure,temperature,humidity,voc
-49.273056,-25.427778,Curitiba,3.400399247604698,4.089479321202287,4.465603060771133,909.846935307526,75.21708101529903,61.3655694637614,74.29202777777778
-50.38277800000001,-25.874167,Sao Mateus do Sul,3.8235311528391422,4.727966290296187,5.2632937121584025,924.7404244804452,83.86531971035836,49.29273952708231,68.6521799725904
-53.05499999999999,-26.081111,Francisco Beltrao,5.149524475524475,6.1392867132867135,6.650181818181817,939.774181818182,84.16783216783217,54.06993006993007,138.75945454545456
-54.093889,-25.295278000000003,Medianeira,6.247715277777778,9.117430555555556,11.281194444444443,961.5522916666667,94.74861111111112,36.25694444444444,117.44883333333334
-54.58805600000001,-25.547778,Foz do Iguacu,10.247458333333334,13.590187500000004,16.032097222222223,988.3333333333334,93.8875,37.28472222222222,97.6380972222222
-54.05666699999999,-24.556111,Marechal Candido Rondon,3.807998605299861,4.588926080892608,5.074930264993027,962.481980474198,89.63598326359832,41.721059972106,91.47956764295677
-52.383056,-24.045556,Campo Mourao,3.3146691813679974,3.799594359331477,4.318201795109873,943.6855721138968,88.41787759207676,43.83122678737233,79.90234869235532
-50.16194400000001,-25.094999999999995,Ponta Grossa,2.4513490959666204,3.093623087621697,3.49980528511822,909.961307371349,83.23783031988873,51.91933240611961,77.65863699582754
-51.162778,-23.310278,Londrina,0.4860869565217391,0.6574347826086956,0.8714782608695653,948.6687826086956,89.16521739130435,43.47826086956522,89.57935779816513
