City_long,City_lat,city,pm1.0_atm,pm2.5_atm,pm10.0_atm,pressure,temperature,humidity,voc
-49.273056,-25.427778,Curitiba,4.5584103191913865,5.598438832950438,6.197017484048179,911.5430410931308,75.81582184324407,58.44332502973412,79.10970792767732
-50.38277800000001,-25.874167,Sao Mateus do Sul,4.514024107061805,5.7090690015515,6.459128647677288,926.8112327209856,81.88486709085358,44.20641252589273,69.30196662920235
-53.055,-26.081111,Francisco Beltrao,1.965690376569038,2.7352440725244067,3.4551464435146446,943.3685355648536,83.5718270571827,45.7252440725244,112.10610878661087
-54.093889,-25.295278,Medianeira,1.149700557103064,1.633398328690808,2.191364902506964,966.098635097493,90.67966573816156,35.477715877437326,79.48140668523678
-54.58805600000001,-25.547778,Foz do Iguacu,7.75212100139082,10.733532684283729,12.98491655076495,993.4702642559108,88.77051460361614,39.73157162726008,88.82219749652295
-54.056666999999976,-24.556111,Marechal Candido Rondon,1.710848400556328,2.3485883171070934,2.9877190542420027,966.7873296244784,87.75243393602226,35.695410292072324,84.66492350486787
-52.383056,-24.045556,Campo Mourao,1.95008356545961,2.302430362116992,2.8723502785515325,946.8949791086352,85.41852367688023,37.06824512534818,73.6083913649025
-50.161944,-25.094999999999995,Ponta Grossa,4.973895833333334,6.254312499999999,7.036694444444445,911.9056944444444,84.13194444444444,42.99861111111111,86.47222222222223
-51.16277799999999,-23.310278000000007,Londrina,1.16875,1.8066071428571429,2.3857142857142857,951.1603571428574,90.5,34.25,110.88518518518516
