City_long,City_lat,city,pm1.0_atm,pm2.5_atm,pm10.0_atm,pressure,temperature,humidity,voc
-51.458056,-25.395278,Guarapuava,7.764153005464481,10.562950819672132,11.82122950819672,901.9606420765026,83.37158469945355,63.18852459016394,100.41009771986973
