City_long,City_lat,city,pm1.0_atm,pm2.5_atm,pm10.0_atm,pressure,temperature,humidity,voc
-51.458056,-25.395278,Guarapuava,3.386292749658003,4.386949384404925,4.716333789329685,900.5566484268127,87.3296853625171,49.12311901504788,91.06824193548388
