City_long,City_lat,city,pm1.0_atm,pm2.5_atm,pm10.0_atm,pressure,temperature,humidity,voc
-49.273056,-25.427778,Curitiba,3.2531014998515,4.043069572319572,4.519570611820612,905.5620124740124,69.19272349272349,61.3990792990793,76.78478764478766
-50.382778000000016,-25.874167,Sao Mateus do Sul,6.939444199243379,8.89815873266078,9.957872477931904,921.7628007566204,74.51765447667087,52.69520807061791,80.89468789407314
-53.05499999999999,-26.081111,Francisco Beltrao,1.2127307692307692,1.7444230769230769,2.3618076923076927,940.2331153846152,72.27307692307693,60.23076923076923,113.33607692307692
-54.093889,-25.295278,Medianeira,2.6061153846153844,3.3051346153846155,4.065923076923077,963.769076923077,81.97692307692307,51.43461538461538,112.4593846153846
-54.588056000000016,-25.547778,Foz do Iguacu,2.235865384615385,2.951634615384615,3.6180769230769214,991.4749615384616,80.41923076923077,51.88461538461539,85.76211538461538
-54.05666699999998,-24.556111,Marechal Candido Rondon,3.072984496124031,3.81124031007752,4.419728682170542,964.6387209302324,80.43410852713178,51.50387596899225,67.71228682170545
-52.383056,-24.045556,Campo Mourao,28.509759615384617,29.132538461538463,31.07873076923077,944.2610961538462,76.58846153846153,53.05384615384615,76.43255769230771
-50.161943999999984,-25.095,Ponta Grossa,3.895289575289576,4.976988416988417,5.599440154440155,907.6554054054054,70.52509652509653,59.3011583011583,96.83602316602318
-51.162778,-23.310278,Londrina,0.5752777777777777,0.9183333333333332,1.3561111111111108,948.2861111111112,78.61111111111111,47.44444444444444,118.67888888888888
