City_long,City_lat,city,pm1.0_atm,pm2.5_atm,pm10.0_atm,pressure,temperature,humidity,voc
-51.458056,-25.395278,Guarapuava,5.129931693989072,6.93672131147541,7.777117486338798,899.9333060109291,88.86065573770492,46.19945355191257,88.57575364667747
