City_long,City_lat,city,pm1.0_atm,pm2.5_atm,pm10.0_atm,pressure,temperature,humidity,voc
-51.458056,-25.395278,Guarapuava,,,,,,,
-51.458056,-25.395278,Guarapuava,7.717122905027933,10.297960893854748,11.12213687150838,901.8188547486034,87.16759776536313,41.287709497206706,100.69118032786886
