City_long,City_lat,city,pm1.0_atm,pm2.5_atm,pm10.0_atm,pressure,temperature,humidity,voc
-51.458056,-25.395278,Guarapuava,7.403292349726776,9.32188524590164,9.91747267759563,903.2118579234972,86.89754098360656,53.98360655737705,83.74014610389611
