City_long,City_lat,city,pm1.0_atm,pm2.5_atm,pm10.0_atm,pressure,temperature,humidity,voc
-49.273056,-25.427778,Curitiba,15.719333333333331,22.491,25.735166666666668,,-27.915333333333336,56.42533333333333,89.969
-50.382778,-25.874167,Sao Mateus do Sul,16.918,23.753500000000003,27.206,,75.4045,58.5305,79.664
-53.055,-26.081111,Francisco Beltrao,15.85,20.5105,22.3705,,79.364,58.633,182.564
-54.588056,-25.547778,Foz do Iguacu,15.616,20.0875,22.289,,85.292,50.667,92.488
-54.056667,-24.556111,Marechal Candido Rondon,11.60025,15.1375,16.86575,,89.2525,43.9605,82.551
-52.383056,-24.045556,Campo Mourao,11.1505,13.3765,14.711,,81.807,49.3455,88.2715
-50.161944,-25.095,Ponta Grossa,8.61075,11.302499999999998,12.10075,,76.9025,56.4295,81.77850000000001
-51.162778,-23.310278,Londrina,14.078,18.642,19.988,,82.818,57.277,73.88
-51.458056,-25.395278,Guarapuava,6.173150684931507,8.276082191780821,8.816876712328767,904.2919315068492,75.94383561643835,52.76164383561644,89.33545307443366
