City_long,City_lat,city,pm1.0_atm,pm2.5_atm,pm10.0_atm,pressure,temperature,humidity,voc
-49.273056,-25.427778,Curitiba,3.237718841755524,4.163659818806986,4.397577403028899,909.6956320506875,80.02998860299799,64.538421418637,89.6552990264256
-50.382778,-25.874167,Sao Mateus do Sul,8.697680645214618,10.547187053139698,11.228937929295853,924.750397245894,87.38431019234108,47.93128580048436,68.496278816032
-53.05499999999999,-26.081111,Francisco Beltrao,4.722506963788301,6.15048746518106,7.270543175487465,941.9542896935932,85.73537604456824,40.42479108635097,98.67356545961005
-54.093889,-25.295278,Medianeira,3.0681337047353763,3.9031197771587753,4.442701949860725,964.775278551532,91.33147632311976,34.90389972144847,98.85732590529248
-54.58805600000001,-25.547778,Foz do Iguacu,6.767739916550765,8.808296244784422,9.963303198887344,992.2373157162724,89.80528511821974,37.1557719054242,88.48559109874827
-54.056666999999976,-24.556111,Marechal Candido Rondon,3.584798331015299,4.337593880389431,4.759937413073714,965.4424061196104,88.96662030598053,36.21557719054242,82.4252990264256
-52.383056,-24.045556,Campo Mourao,7.207365747179724,7.569410552851182,8.227663489027972,944.966982595426,88.7194743857209,37.77950471333642,72.34674766264874
-50.161944,-25.094999999999995,Ponta Grossa,5.740076388888888,7.108861111111112,7.621930555555555,909.9805277777778,88.7375,48.74444444444445,82.40686111111111
-51.162778,-23.310278,Londrina,1.1688636363636364,1.5779545454545454,1.959772727272728,948.8368181818182,88.0,39.95454545454545,91.20181818181818
