City_long,City_lat,city,pm1.0_atm,pm2.5_atm,pm10.0_atm,pressure,temperature,humidity,voc
-51.458056,-25.395278,Guarapuava,7.043620218579235,8.793469945355191,9.347609289617486,902.686762295082,89.74590163934427,44.34562841530055,93.0566935483871
