City_long,City_lat,city,pm1.0_atm,pm2.5_atm,pm10.0_atm,pressure,temperature,humidity,voc
-49.273056,-25.427778,Curitiba,0.5399454545454545,0.824190909090909,1.154609090909091,912.2074545454544,69.35636363636362,69.42545454545454,98.76072727272728
-50.382778,-25.874167,Sao Mateus do Sul,1.131904176904177,1.5243732537732535,1.7579423657423656,927.7028862758864,76.01755703755704,57.02658476658477,73.04042492102491
-53.055,-26.081111,Francisco Beltrao,7.579963503649634,9.225547445255476,9.711970802919708,942.1880656934306,75.45620437956204,62.98540145985402,122.6540510948905
-54.093889,-25.295278000000003,Medianeira,3.464527272727272,4.236527272727273,4.749345454545455,963.352,86.2909090909091,49.68,131.7285090909091
-54.588056,-25.547778,Foz do Iguacu,12.900054545454545,17.345363636363636,20.896381818181816,990.5075636363636,86.58545454545454,49.374545454545455,105.02774545454544
-54.05666699999999,-24.556111,Marechal Candido Rondon,6.808266423357665,7.953193430656935,8.48655109489051,964.5364598540144,80.91240875912409,59.24087591240876,69.44233576642334
-52.38305600000001,-24.045556,Campo Mourao,3.2238138686131386,3.675063868613139,4.039507299270073,946.1548540145986,79.31204379562044,58.13138686131387,96.07111313868612
-50.161944,-25.095,Ponta Grossa,0.010456204379562,0.0365145985401459,0.1138321167883211,912.5522262773724,72.16058394160584,63.441605839416056,73.6142700729927
-51.162778,-23.310278,Londrina,0.12484848484848485,0.19515151515151513,0.29575757575757583,951.3015151515152,77.21212121212122,56.45454545454545,111.89999999999999
