City_long,City_lat,city,pm1.0_atm,pm2.5_atm,pm10.0_atm,pressure,temperature,humidity,voc
-51.458056,-25.395278,Guarapuava,5.683169398907104,7.070819672131147,7.457404371584699,905.2371448087432,86.09016393442623,56.12158469945355,87.36604878048782
