City_long,City_lat,city,pm1.0_atm,pm2.5_atm,pm10.0_atm,pressure,temperature,humidity,voc
-49.273056,-25.427778,Curitiba,8.687666666666667,11.798166666666669,13.142499999999998,,-26.781333333333333,49.205666666666666,88.375
-48.991111,-24.657222,Adrianopolis,5.5275,7.693,9.617,,77.044,62.932,
-50.382778,-25.874167,Sao Mateus do Sul,12.15725,16.42975,18.179,,76.1985,53.7915,68.77250000000001
-53.055,-26.081111,Francisco Beltrao,9.7285,12.6395,13.6295,,76.813,54.147,95.164
-54.588056,-25.547778,Foz do Iguacu,11.484,15.549,17.7755,,84.789,48.567,97.943
-54.056667,-24.556111,Marechal Candido Rondon,6.992,8.92025,9.75175,,82.568,47.5425,65.5715
-52.383056,-24.045556,Campo Mourao,6.550750000000001,7.8695,8.6435,,80.247,49.514,76.01150000000001
-50.161944,-25.095,Ponta Grossa,8.8,11.5515,12.4705,,79.99,51.695,71.917
-51.458056,-25.395278,Guarapuava,5.608866120218579,7.678551912568306,8.353237704918032,903.6556147540985,75.3292349726776,46.028688524590166,125.93512077294687
