City_long,City_lat,city,pm1.0_atm,pm2.5_atm,pm10.0_atm,pressure,temperature,humidity,voc
-49.273056,-25.427778,Curitiba,1.2531762750100393,1.6960094370821817,1.855448409042591,907.8205867172182,77.75734356176034,63.8297929511256,67.97280487804878
-50.382778000000016,-25.874167,Sao Mateus do Sul,9.967714074199815,13.060920943435374,14.018008591259736,923.3703702446294,82.02419887210246,54.77112921782757,80.89513249966993
-53.05499999999999,-26.081111000000003,Francisco Beltrao,3.271140776699029,4.120218446601943,4.78502427184466,940.4114563106796,78.77184466019418,48.56310679611651,88.16902912621359
-54.093889,-25.295278,Medianeira,2.256289537712896,2.8434914841849155,3.371301703163017,963.3351581508516,86.669099756691,39.38199513381995,76.7260243902439
-54.58805600000001,-25.547778,Foz do Iguacu,5.820389294403894,7.270450121654501,8.160170316301704,991.0082238442824,84.55717761557177,43.00486618004866,81.08192214111922
-54.05666699999998,-24.556111,Marechal Candido Rondon,2.7742111650485435,3.3778033980582527,3.819320388349515,964.083640776699,83.44902912621359,40.90291262135922,73.44390776699029
-52.383056,-24.045556,Campo Mourao,10.847013381995136,11.07353406326034,11.960644768856444,943.4717518248176,86.20924574209246,40.13625304136253,64.38643552311436
-50.16194399999999,-25.095,Ponta Grossa,0.9840632603406326,1.2712895377128954,1.467080291970803,908.6017761557176,81.69586374695864,57.63990267639903,85.96873479318734
-51.16277799999999,-23.310278,Londrina,2.00063829787234,2.520531914893617,2.967872340425532,947.8951063829788,88.44680851063829,52.74468085106383,100.15347826086958
