City_long,City_lat,city,pm1.0_atm,pm2.5_atm,pm10.0_atm,pressure,temperature,humidity,voc
-51.458056,-25.395278,Guarapuava,6.748260273972602,8.825999999999999,9.86491780821918,897.1486164383562,83.0041095890411,57.557534246575344,111.40502407704656
