City_long,City_lat,city,pm1.0_atm,pm2.5_atm,pm10.0_atm,pressure,temperature,humidity,voc
-51.458056,-25.395278,Guarapuava,0.05375,0.4125,0.8,902.42375,77.625,57.125,82.038
-51.458056,-25.395278,Guarapuava,0.05375,0.41250000000000003,0.8,902.4237499999999,77.625,57.125,82.038
