City_long,City_lat,city,pm1.0_atm,pm2.5_atm,pm10.0_atm,pressure,temperature,humidity,voc
-51.458056,-25.395278,Guarapuava,3.8124453551912567,5.276161202185793,5.868784153005464,901.298101092896,85.71857923497268,54.79234972677595,89.49511400651465
