City_long,City_lat,city,pm1.0_atm,pm2.5_atm,pm10.0_atm,pressure,temperature,humidity,voc
-51.458056,-25.395278,Guarapuava,3.212800546448088,4.10535519125683,4.443087431693989,894.5088524590163,81.44535519125684,55.60655737704918,98.44568881685576
