City_long,City_lat,city,pm1.0_atm,pm2.5_atm,pm10.0_atm,pressure,temperature,humidity,voc
-51.458056,-25.395278,Guarapuava,12.581598360655738,17.050245901639347,19.093196721311475,897.5503825136612,87.88524590163935,52.36612021857923,107.06332794830372
