City_long,City_lat,city,pm1.0_atm,pm2.5_atm,pm10.0_atm,pressure,temperature,humidity,voc
-51.458056,-25.395278,Guarapuava,8.36707650273224,10.568142076502731,11.176912568306012,902.3087295081968,89.12978142076503,46.6844262295082,90.14022727272727
