City_long,City_lat,city,pm1.0_atm,pm2.5_atm,pm10.0_atm,pressure,temperature,humidity,voc
-51.458056,-25.395278,Guarapuava,2.7512841530054644,3.6345765027322408,4.0017759562841535,896.3000546448087,79.69672131147541,57.53142076502732,99.95672
