City_long,City_lat,city,pm1.0_atm,pm2.5_atm,pm10.0_atm,pressure,temperature,humidity,voc
-51.458056,-25.395278,Guarapuava,10.750040983606556,14.137964480874317,15.324795081967212,899.962363387978,86.92896174863388,54.30464480874317,85.99157392686804
