City_long,City_lat,city,pm1.0_atm,pm2.5_atm,pm10.0_atm,pressure,temperature,humidity,voc
-51.458056,-25.395278,Guarapuava,6.040437756497949,7.679028727770178,8.28547195622435,899.6481942544459,82.93707250341997,63.74281805745554,108.542096
