City_long,City_lat,city,pm1.0_atm,pm2.5_atm,pm10.0_atm,pressure,temperature,humidity,voc
-51.458056,-25.395278,Guarapuava,3.974057377049181,5.112636612021857,5.569658469945355,897.1713797814207,83.29371584699453,59.51502732240437,109.04604838709676
