City_long,City_lat,city,pm1.0_atm,pm2.5_atm,pm10.0_atm,pressure,temperature,humidity,voc
-49.273056,-25.427778,Curitiba,3.482166666666666,4.884166666666666,5.264500000000001,,-33.48266666666667,68.39233333333334,73.369
-50.382778,-25.874167,Sao Mateus do Sul,5.245,7.20675,7.96575,,72.023,61.3945,80.0895
-53.055,-26.081111,Francisco Beltrao,1.3975,1.917,2.2195,,67.029,67.205,77.653
-54.588056,-25.547778,Foz do Iguacu,6.9005,8.64,9.2,,68.617,57.882,67.742
-54.056667,-24.556111,Marechal Candido Rondon,3.76975,5.04975,5.869,,66.7435,65.094,83.0875
-52.383056,-24.045556,Campo Mourao,1.556,1.92675,2.19725,,75.4085,53.844,80.136
-50.161944,-25.095,Ponta Grossa,5.6235,7.2010000000000005,7.7155,,72.68299999999999,65.217,77.6385
-51.162778,-23.310278,Londrina,7.6135,10.0825,10.764,,78.747,67.884,68.613
-51.458056,-25.395278,Guarapuava,12.654301369863012,16.659082191780822,17.89776712328767,902.1699315068494,76.42054794520548,61.636986301369866,77.5879581993569
