City_long,City_lat,city,pm1.0_atm,pm2.5_atm,pm10.0_atm,pressure,temperature,humidity,voc
-49.273056,-25.427778,Curitiba,4.10231045547267,5.082241107190185,5.499991885171453,910.2968471657658,77.62028186000805,63.81586783996665,108.71866485013624
-50.382778000000016,-25.874167,Sao Mateus do Sul,5.259825085725022,6.41910039613572,7.016896225750388,926.0436554480405,82.0933150140135,53.41778618065668,68.34139806159676
-53.05499999999999,-26.081111,Francisco Beltrao,6.396338797814208,7.549754098360656,8.191475409836066,941.7386065573772,84.06557377049181,61.57650273224044,163.73989071038253
-54.093889,-25.295278,Medianeira,7.9537704918032786,9.251885245901638,10.040887978142075,964.1069398907102,92.31967213114754,53.224043715847,114.3756830601093
-54.58805600000001,-25.547778,Foz do Iguacu,14.988401639344264,19.13726775956284,22.107622950819675,991.1298907103824,90.87978142076504,53.07103825136612,101.05885245901638
-54.05666699999999,-24.556110999999994,Marechal Candido Rondon,9.952855191256832,11.876325136612024,12.597295081967212,965.1478415300546,86.4207650273224,61.76229508196721,70.79896174863389
-52.38305599999999,-24.045556000000005,Campo Mourao,2.9466803278688527,3.4362090163934425,3.9268032786885247,946.0046038251368,83.0724043715847,60.4535519125683,68.7008606557377
-50.16194400000001,-25.09499999999999,Ponta Grossa,5.509767759562842,6.77396174863388,7.442103825136612,911.3388797814208,79.6256830601093,58.12841530054645,76.93713114754098
-51.162778,-23.310278,Londrina,1.0974479166666666,1.37796875,1.6705208333333337,950.9792708333332,83.13541666666667,59.875,136.75787234042554
