City_long,City_lat,city,pm1.0_atm,pm2.5_atm,pm10.0_atm,pressure,temperature,humidity,voc
-51.458056,-25.395278,Guarapuava,16.87549931600547,24.19485636114911,28.417387140902875,899.1485225718194,88.50478796169631,44.23803009575924,111.014576
