City_long,City_lat,city,pm1.0_atm,pm2.5_atm,pm10.0_atm,pressure,temperature,humidity,voc
-51.458056,-25.395278,Guarapuava,3.960890410958904,4.888589041095891,5.24513698630137,902.7207534246576,82.56575342465753,58.61506849315069,92.0426948051948
