City_long,City_lat,city,pm1.0_atm,pm2.5_atm,pm10.0_atm,pressure,temperature,humidity,voc
-51.458056,-25.395278,Guarapuava,1.466174863387978,1.9734972677595628,2.193565573770492,899.0993306010929,85.42896174863388,54.30464480874317,90.77535483870967
