City_long,City_lat,city,pm1.0_atm,pm2.5_atm,pm10.0_atm,pressure,temperature,humidity,voc
-49.273056,-25.427778,Curitiba,2.2498974414696336,2.8952779129964457,3.247551194753516,912.4234921573172,75.79377221449545,59.4854456420955,90.3627361111111
-50.38277800000001,-25.874167,Sao Mateus do Sul,3.923417507953989,4.928460566568772,5.596775911649536,927.4991996145374,82.12499694077337,46.70412077826725,69.67770821096425
-53.05499999999999,-26.081111,Francisco Beltrao,5.711699164345404,7.502618384401114,8.607451253481894,942.2645125348188,84.13370473537604,47.33286908077994,132.7758774373259
-54.09388899999999,-25.295278,Medianeira,1.5199582753824756,2.085598052851182,2.6260083449235045,964.02966620306,93.77051460361614,35.013908205841446,95.92322670375522
-54.58805600000001,-25.547778,Foz do Iguacu,8.085756944444444,11.124979166666668,13.448180555555554,990.967263888889,91.76527777777778,39.67361111111112,92.21533333333336
-54.056667,-24.556110999999994,Marechal Candido Rondon,2.9393125,3.747083333333333,4.428027777777778,964.9576805555556,87.22777777777777,40.91666666666666,75.78968055555555
-52.383056,-24.045556,Campo Mourao,6.002395833333333,6.781513888888888,7.715979166666667,946.238902777778,86.32916666666667,41.90694444444445,75.92502083333333
-50.161944,-25.095,Ponta Grossa,4.614326241134751,5.76009219858156,6.410049645390071,912.5443262411349,83.84964539007092,46.55602836879433,79.05518465909091
-51.162778,-23.310278,Londrina,1.4208333333333334,1.9054761904761903,2.518154761904762,951.4286904761906,89.71428571428571,39.80952380952381,131.58000000000004
