City_long,City_lat,city,pm1.0_atm,pm2.5_atm,pm10.0_atm,pressure,temperature,humidity,voc
-51.458056,-25.395278,Guarapuava,1.7004962406015036,2.326766917293233,2.558496240601504,900.7602406015038,79.55488721804511,63.75187969924812,95.904125
