City_long,City_lat,city,pm1.0_atm,pm2.5_atm,pm10.0_atm,pressure,temperature,humidity,voc
-49.27305599999999,-25.427778,Curitiba,5.622643391521197,6.948890274314215,7.634382793017457,907.0741521197008,74.89401496259352,68.55361596009976,107.20456359102243
-50.382778000000016,-25.874167,Sao Mateus do Sul,4.810944422762722,6.135175836932866,6.809055659921814,922.2020395959704,80.66553443976267,59.95874041686236,76.36494116168464
-53.05499999999999,-26.081111000000003,Francisco Beltrao,7.636641604010026,9.042105263157897,9.723759398496242,938.5240350877192,80.57142857142857,66.64661654135338,113.62401002506265
-54.093889,-25.295278,Medianeira,2.564575,3.1142375,3.4597125000000006,960.958925,85.125,59.955,174.7639
-54.588056000000016,-25.547778,Foz do Iguacu,2.6728678304239404,3.515187032418953,4.283354114713217,987.9114962593516,88.16957605985037,55.99750623441396,84.43765586034912
-54.05666699999998,-24.556110999999994,Marechal Candido Rondon,1.9085411471321696,2.412693266832917,2.777905236907731,962.0240648379051,80.39152119700748,67.51620947630923,73.22259351620949
-52.383056,-24.045556,Campo Mourao,3.3993017456359103,3.831552369077307,4.353497506234413,943.17283042394,77.98004987531172,65.24812967581047,108.3321945137157
-50.161944000000005,-25.095,Ponta Grossa,4.195561097256858,5.174064837905237,5.667331670822944,908.3495261845388,74.40149625935162,69.46882793017457,104.44630922693268
-51.162778,-23.310278,Londrina,4.266,5.304333333333334,5.997249999999999,948.271,84.48333333333333,56.266666666666666,166.41035714285712
