City_long,City_lat,city,pm1.0_atm,pm2.5_atm,pm10.0_atm,pressure,temperature,humidity,voc
-51.458056,-25.395278,Guarapuava,5.173087431693989,6.657896174863388,7.228210382513661,902.107131147541,82.35519125683061,60.96857923497268,89.17501607717043
