City_long,City_lat,city,pm1.0_atm,pm2.5_atm,pm10.0_atm,pressure,temperature,humidity,voc
-51.458056,-25.395278,Guarapuava,3.861625683060109,4.887923497267759,5.253620218579235,900.784713114754,83.30054644808743,56.083333333333336,90.33991896272286
