City_long,City_lat,city,pm1.0_atm,pm2.5_atm,pm10.0_atm,pressure,temperature,humidity,voc
-51.458056,-25.395278,Guarapuava,10.823551912568306,15.290218579234974,17.749535519125683,900.4814071038252,87.30054644808743,50.685792349726775,92.47567961165048
