City_long,City_lat,city,pm1.0_atm,pm2.5_atm,pm10.0_atm,pressure,temperature,humidity,voc
-51.458056,-25.395278,Guarapuava,42.57095161290323,63.07385483870968,69.63364516129032,903.9513870967742,80.76774193548387,37.93709677419355,198.0095627376426
