City_long,City_lat,city,pm1.0_atm,pm2.5_atm,pm10.0_atm,pressure,temperature,humidity,voc
-49.273056,-25.427778,Curitiba,3.1388216109563603,3.743706592386258,4.0825652855153205,903.3746980230578,77.96541511915817,56.69905215103683,82.83616457461646
-50.382778,-25.874167,Sao Mateus do Sul,4.81546381903353,6.005228509204471,6.606752506574621,918.9319255424064,82.48722879684419,47.19132149901381,80.03715996877054
-53.055,-26.081111,Francisco Beltrao,2.0284005563282337,2.5611404728789986,2.991098748261474,937.3144367176636,83.07927677329624,49.61613351877608,97.32820584144646
-54.093889,-25.295278000000003,Medianeira,2.6026041666666666,3.361763888888889,3.9383194444444447,961.212375,89.48194444444445,44.1875,92.36997222222224
-54.58805600000001,-25.547778,Foz do Iguacu,2.5962378303198888,3.4481780250347702,4.1868776077885945,988.5488456189152,87.98052851182197,44.2336578581363,75.67183588317107
-54.056667,-24.556110999999994,Marechal Candido Rondon,2.2294444444444443,2.797131944444444,3.215111111111112,962.1804722222222,86.81805555555556,44.85833333333333,79.24740277777778
-52.383056,-24.045556,Campo Mourao,2.5677329624478444,2.9682440890125177,3.389773991655076,941.7417176634216,84.50486787204451,47.68915159944368,71.87329624478443
-50.161944,-25.094999999999995,Ponta Grossa,3.544590277777778,4.4210625,4.820187499999999,905.2564722222222,79.99444444444444,53.31805555555555,81.18215277777777
-51.162778,-23.310278,Londrina,1.0645999999999998,1.3815,1.7025,946.3466,86.02,48.18,115.79911111111107
