City_long,City_lat,city,pm1.0_atm,pm2.5_atm,pm10.0_atm,pressure,temperature,humidity,voc
-51.458056,-25.395278,Guarapuava,8.536763754045309,10.717766990291262,11.330679611650485,900.7629126213592,96.5663430420712,41.676375404530745,57.03554307116105
