City_long,City_lat,city,pm1.0_atm,pm2.5_atm,pm10.0_atm,pressure,temperature,humidity,voc
-49.273056,-25.427778,Curitiba,2.2413713080168773,2.899419831223629,3.402236286919832,911.4718776371308,68.84810126582278,68.65189873417722,90.09940928270044
-50.382778000000016,-25.874167,Sao Mateus do Sul,8.61745514543893,11.225151646689817,12.445009475000932,926.5099248534408,78.01237817855943,53.97092154885927,83.60045601359172
-53.05499999999998,-26.081111000000003,Francisco Beltrao,7.559827586206897,9.702456896551723,10.6875,940.8021120689656,74.59051724137932,61.25862068965517,173.75732758620688
-54.09388899999999,-25.295278,Medianeira,5.688270042194092,6.79928270042194,7.649472573839663,961.782194092827,85.54430379746836,49.36286919831224,105.50620253164556
-54.588056000000016,-25.547778,Foz do Iguacu,4.752721518987341,5.867088607594938,6.645084388185654,988.643670886076,88.16033755274262,47.55274261603376,80.37371308016877
-54.056666999999976,-24.55611099999999,Marechal Candido Rondon,7.669135021097047,9.05915611814346,9.91295358649789,963.1059071729958,81.38818565400844,57.63291139240506,61.93987341772152
-52.383056,-24.045556,Campo Mourao,5.444926160337552,6.209504219409284,6.990611814345991,944.7992194092828,81.9493670886076,51.62025316455696,76.2574894514768
-50.161944,-25.095,Ponta Grossa,3.4286708860759494,4.34698312236287,5.2524894514767935,911.575316455696,71.60337552742617,65.22784810126582,80.79282700421942
-51.162778,-23.310278000000004,Londrina,1.2564285714285717,1.7657142857142856,2.391428571428572,950.4328571428572,79.85714285714286,52.285714285714285,133.40666666666667
