City_long,City_lat,city,pm1.0_atm,pm2.5_atm,pm10.0_atm,pressure,temperature,humidity,voc
-51.458056,-25.395278,Guarapuava,3.2412295081967213,4.247704918032787,4.536352459016394,904.1634699453552,86.08333333333333,55.16120218579235,91.56695652173912
