City_long,City_lat,city,pm1.0_atm,pm2.5_atm,pm10.0_atm,pressure,temperature,humidity,voc
-51.458056,-25.395278,Guarapuava,5.348265027322404,7.0289754098360655,7.522650273224044,898.2598633879782,86.31830601092896,51.26092896174863,92.1691185897436
