City_long,City_lat,city,pm1.0_atm,pm2.5_atm,pm10.0_atm,pressure,temperature,humidity,voc
-49.273056,-25.427778,Curitiba,0.5347278125967193,0.717471816001238,0.8068370086660477,910.3729297431136,75.11565304859177,69.42672934076137,89.5892479108635
-50.382778,-25.874167,Sao Mateus do Sul,1.8233450292397664,2.340735745614035,2.702734649122807,925.831178362573,81.09890350877194,52.96264619883041,72.73372953216375
-53.055,-26.081111,Francisco Beltrao,4.857178770949721,5.960027932960894,6.738798882681564,941.216815642458,78.98882681564245,52.52513966480447,104.49927374301676
-54.093889,-25.295278000000003,Medianeira,3.57933147632312,4.451183844011142,5.180571030640668,963.6523955431754,88.03064066852367,43.27298050139276,111.87206128133704
-54.58805600000001,-25.547778,Foz do Iguacu,4.355263888888889,5.606458333333332,6.553763888888888,991.185277777778,85.8861111111111,44.04166666666666,83.40841666666667
-54.056667,-24.556110999999994,Marechal Candido Rondon,3.896152777777778,4.7344027777777775,5.273736111111111,964.2881666666666,86.0,41.51111111111111,67.26058333333333
-52.383056,-24.045556,Campo Mourao,4.569291047663262,5.085339871556793,5.634466844630145,944.4973947307336,82.12648947694213,45.83227715877437,72.84404944289693
-50.161944,-25.094999999999995,Ponta Grossa,1.0455416666666666,1.3894166666666667,1.5933472222222222,910.6765833333332,81.28611111111111,57.37222222222222,86.23830555555556
-51.16277799999999,-23.310278,Londrina,1.802444444444444,2.3233333333333333,2.6874444444444445,949.2751111111112,86.77777777777777,49.95555555555556,108.52325
