City_long,City_lat,city,pm1.0_atm,pm2.5_atm,pm10.0_atm,pressure,temperature,humidity,voc
-53.055,-26.081111,Francisco Beltrao,,,,939.5379671150972,77.57548579970104,54.158445440956655,114.13963963963964
-54.588056,-25.547778,Foz do Iguacu,2.546792452830189,3.850754716981132,4.823584905660377,990.7714339622642,79.69811320754717,52.99433962264151,89.51606805293005
-52.465278000000005,-23.073056000000005,Paranavai,3332.064566929134,3332.064566929134,3332.064566929134,,,,
