City_long,City_lat,city,pm1.0_atm,pm2.5_atm,pm10.0_atm,pressure,temperature,humidity,voc
-53.05499999999999,-26.081111000000003,Francisco Beltrao,,,,944.9910972222222,78.84166666666667,51.975,140.6225626740947
-52.46527800000001,-23.073056000000005,Paranavai,3326.066930693069,3326.067128712871,3326.068712871287,,,,
