City_long,City_lat,city,pm1.0_atm,pm2.5_atm,pm10.0_atm,pressure,temperature,humidity,voc
-49.273056,-25.427778,Curitiba,7.316299951699536,9.519798665626949,10.126417982320866,911.3919980388848,78.42695670222278,66.95996201915337,94.0043156424581
-48.991111,-24.657222,Adrianopolis,5.953925561797752,7.217879213483147,8.098363764044944,990.6498735955056,84.20084269662921,68.20786516853933,
-50.382778,-25.874167,Sao Mateus do Sul,6.329915758769896,7.620532191701438,8.538902048562818,927.0513260122084,83.36288730489878,55.05159171689074,84.17060523875753
-53.055,-26.081111,Francisco Beltrao,3.295924895688456,3.821432545201669,4.160695410292072,944.1090264255912,85.37273991655077,50.90542420027816,142.2783727399165
-54.09388899999999,-25.295278,Medianeira,9.171835883171072,10.768289290681505,11.504784422809458,967.1116272600834,91.46453407510432,47.19749652294854,147.55796940194716
-54.58805600000001,-25.547778,Foz do Iguacu,8.393541666666668,10.11113888888889,11.17586111111111,994.557888888889,90.09861111111113,47.48194444444445,103.63095833333334
-52.465278000000005,-23.073056,Paranavai,2206.510569744597,2206.646758349705,2207.959607072692,,,,
-50.161944,-25.094999999999995,Ponta Grossa,6.069687500000001,7.185006944444444,7.662881944444444,912.3636666666667,86.54166666666667,52.138888888888886,107.68583333333332
