City_long,City_lat,city,pm1.0_atm,pm2.5_atm,pm10.0_atm,pressure,temperature,humidity,voc
-49.273056,-25.427778,Curitiba,15.757823365785814,19.14166203059805,20.663699582753825,912.140194714882,75.30876216968011,61.13908205841447,88.83242002781641
-50.38277800000001,-25.874167,Sao Mateus do Sul,24.77115569703492,33.580782799298575,38.86863197931612,928.9097715506934,74.90615136298422,57.48089929061055,78.03670616132632
-53.05499999999999,-26.081111,Francisco Beltrao,3331.587725947521,3331.587725947521,3331.587725947521,944.2125510204082,77.46793002915452,61.65160349854227,175.95367346938775
-54.09388899999999,-25.295278,Medianeira,10.532607788595271,12.585695410292072,13.772260083449234,965.68140472879,84.44923504867872,46.49791376912378,120.37193324061197
-54.58805600000001,-25.547778,Foz do Iguacu,13.987458333333334,18.37173611111111,20.860916666666668,992.6687222222222,86.10416666666667,48.18888888888889,107.65304166666668
-54.056666999999976,-24.556111,Marechal Candido Rondon,1672.6449582753826,1673.86376216968,1674.5293949930465,966.768414464534,80.91376912378303,51.32545201668984,83.31757997218358
-52.46527800000001,-23.073056,Paranavai,3331.961205533597,3331.961205533597,3331.961205533597,,,,
-50.16194400000001,-25.095,Ponta Grossa,22.473465829846585,30.76502092050209,34.18322873082288,914.152119944212,75.58716875871687,59.80334728033473,92.41368200836818
