City_long,City_lat,city,pm1.0_atm,pm2.5_atm,pm10.0_atm,pressure,temperature,humidity,voc
-49.273056,-25.427778,Curitiba,0.0713953488372093,0.2923434704830054,0.8995974955277282,918.93228980322,66.34168157423971,68.68515205724508,64.91479427549196
-50.382778,-25.874167,Sao Mateus do Sul,1.0290697674418603,1.639074239713775,2.366690518783542,936.1813416815744,73.37477638640429,51.26296958855099,75.62378354203935
-53.05499999999999,-26.081111,Francisco Beltrao,3331.997429643527,3331.997429643527,3331.997429643527,950.8686679174484,74.53658536585365,53.59287054409005,71.06165103189494
-54.09388899999999,-25.295278,Medianeira,0.744695885509839,1.0733273703041144,1.3967084078711989,972.8296064400716,80.71377459749553,49.50805008944544,81.74651162790697
-54.588056,-25.547778,Foz do Iguacu,5.950358422939067,8.272562724014337,9.378440860215054,1000.5943010752688,83.95519713261649,43.95340501792115,90.86374551971326
-54.056667,-24.556111,Marechal Candido Rondon,1159.1868157423971,1159.2889266547406,1159.7905366726295,973.256100178891,81.68336314847943,46.46690518783542,93.4237388193202
-50.161944,-25.095,Ponta Grossa,0.5885867620751343,0.9853577817531307,1.465608228980322,920.5725402504473,71.02683363148479,59.03577817531306,63.2995885509839
