City_long,City_lat,city,pm1.0_atm,pm2.5_atm,pm10.0_atm,pressure,temperature,humidity,voc
-49.273056,-25.427778,Curitiba,19.477021276595742,24.93574468085106,29.37333333333333,915.7302411347516,68.54184397163121,58.4709219858156,87.26808510638298
-50.382778,-25.874167,Sao Mateus do Sul,16.626864006704018,21.64357381659596,23.896748243924485,933.1678573355914,65.28090517411582,52.103650136230215,85.33512284114717
-53.05499999999999,-26.081111,Francisco Beltrao,3442.444376899696,3442.444376899696,3442.444376899696,950.061489361702,64.57446808510639,57.16565349544073,149.20364741641336
-54.093889,-25.295278,Medianeira,8.00014471780029,9.690448625180895,10.721852387843704,973.0338205499276,69.66425470332851,52.1287988422576,133.3820549927641
-54.58805600000001,-25.547778,Foz do Iguacu,12.890833333333331,17.852361111111108,20.93375,1001.8096388888888,68.1361111111111,54.105555555555554,116.67916666666666
-54.056667,-24.556110999999994,Marechal Candido Rondon,2649.4901388888893,2649.704583333333,2650.0397222222223,973.4544444444444,77.67083333333333,38.87222222222222,91.16666666666669
-50.161944,-25.094999999999995,Ponta Grossa,18.510277777777773,24.94069444444445,28.71430555555556,917.7730138888888,75.28611111111111,46.68888888888889,101.57083333333334
