City_long,City_lat,city,pm1.0_atm,pm2.5_atm,pm10.0_atm,pressure,temperature,humidity,voc
-49.273056,-25.427778,Curitiba,2.400329218106996,2.8793209876543218,3.3655349794238685,909.2689711934158,70.47736625514403,68.72839506172839,102.72288065843622
-50.382778000000016,-25.874167,Sao Mateus do Sul,4.438441825664047,5.507365574941334,6.540384186987723,926.264464255348,75.10690235690235,61.29267421691664,69.59317119001463
-53.05499999999998,-26.081111000000003,Francisco Beltrao,3332.140680851064,3332.140680851064,3332.140680851064,942.8123829787236,76.26382978723404,65.79148936170213,146.12463829787234
-54.093889,-25.295278000000003,Medianeira,6.03545267489712,7.105390946502057,7.781234567901235,965.3179835390944,81.49382716049382,57.26748971193416,163.3302880658436
-54.58805600000001,-25.547778,Foz do Iguacu,4.672222222222222,5.680617283950617,6.328065843621399,992.6455144032922,84.46090534979425,56.30452674897119,96.00069958847736
-54.056666999999976,-24.556110999999994,Marechal Candido Rondon,1669.3895661157026,1669.9434297520663,1670.2429958677685,966.0753719008264,76.85537190082644,65.4297520661157,69.53082644628098
-52.465278,-23.073056,Paranavai,3331.909,3331.909,3331.909,,,,
-50.16194399999999,-25.095,Ponta Grossa,7.209485596707818,9.024958847736624,9.654938271604935,911.5702469135804,70.2880658436214,67.48559670781893,102.44292181069956
