City_long,City_lat,city,pm1.0_atm,pm2.5_atm,pm10.0_atm,pressure,temperature,humidity,voc
-53.055,-26.081111,Francisco Beltrao,,,,940.3832962447846,87.04867872044507,61.59666203059805,73.95098039215686
-54.58805600000001,-25.547778,Foz do Iguacu,1.9206944444444445,2.684444444444445,3.315555555555555,988.9809166666666,88.99861111111112,62.202777777777776,102.20473537604455
-54.056666999999976,-24.556111,Marechal Candido Rondon,3291.999165507649,3291.999165507649,3291.999165507649,963.1691794158554,89.84283727399165,56.43254520166899,78.53006993006993
-52.465278000000005,-23.073056000000005,Paranavai,3304.909,3304.9092,3304.91,,,,
