City_long,City_lat,city,pm1.0_atm,pm2.5_atm,pm10.0_atm,pressure,temperature,humidity,voc
-49.273056,-25.427778,Curitiba,4.131716352859135,5.153322669688517,5.696440579962808,916.6905880985588,79.15921373779638,58.06623953974896,82.70587988826816
-50.382778,-25.874167,Sao Mateus do Sul,7.608248201021356,9.1563438177035,10.40013556174559,931.5940489206127,88.05548011451563,44.00613006809037,79.02061602445063
-53.055,-26.081111,Francisco Beltrao,0.6611265646731572,1.0728511821974964,1.3858414464534077,946.3288317107094,87.94575799721837,51.19471488178025,157.73069541029207
-54.093889,-25.295278000000003,Medianeira,3.6706319444444446,4.573972222222222,5.400930555555556,967.6602083333332,93.14861111111112,43.55277777777778,162.3670138888889
-54.58805600000001,-25.547778,Foz do Iguacu,5.608791666666667,7.207097222222223,8.510444444444445,994.6262361111112,94.63055555555556,43.05833333333333,109.51893055555556
-54.056667,-24.556110999999994,Marechal Candido Rondon,34.66349305555556,35.62782638888889,37.14815277777778,968.3633611111112,92.29305555555555,43.44305555555555,81.60402777777777
-52.383056,-24.045556000000005,Campo Mourao,6.127803347280335,7.131457461645747,8.306122733612273,948.6632914923292,88.07252440725244,46.721059972106,86.4687029288703
-52.465278000000005,-23.073056000000005,Paranavai,814.7015384615386,815.7453648915188,816.5284220907298,,,,
-50.161944,-25.094999999999995,Ponta Grossa,5.788201388888889,7.105611111111112,7.939243055555556,916.74575,86.9486111111111,50.14722222222223,79.64119444444445
