City_long,City_lat,city,pm1.0_atm,pm2.5_atm,pm10.0_atm,pressure,temperature,humidity,voc
-49.273056,-25.427778,Curitiba,0.4619513888888889,0.6021388888888889,0.8524027777777778,911.0642361111112,76.46111111111111,62.71805555555556,90.67370833333334
-50.382778,-25.874167000000003,Sao Mateus do Sul,4.0103437500000005,5.052975694444444,5.751972222222222,927.7775625,79.66319444444444,52.67847222222223,73.26934722222222
-53.05499999999999,-26.081111,Francisco Beltrao,3331.96691011236,3331.96691011236,3331.96691011236,943.6405056179776,76.09269662921348,61.24297752808989,116.65109550561796
-54.093889,-25.295278000000003,Medianeira,6.464861111111112,7.674756944444444,8.293756944444443,965.6300555555556,81.07916666666667,57.97638888888889,169.57681944444445
-54.58805600000001,-25.547778,Foz do Iguacu,9.947524339360225,12.339666203059808,13.61645340751043,993.0225173852572,82.25173852573018,57.56467315716272,130.83502086230877
-54.056667,-24.556110999999994,Marechal Candido Rondon,1669.4620625,1670.0056111111112,1670.2974791666668,966.4446805555556,80.17083333333333,58.64861111111111,77.50672222222222
-50.161944,-25.094999999999995,Ponta Grossa,0.9752708333333332,1.306826388888889,1.521111111111111,912.8930277777778,79.27222222222223,54.68333333333333,71.71681944444444
