City_long,City_lat,city,pm1.0_atm,pm2.5_atm,pm10.0_atm,pressure,temperature,humidity,voc
-53.05499999999999,-26.081111000000003,Francisco Beltrao,,,,939.5393333333334,75.46388888888889,62.5875,98.54166666666669
-54.58805600000001,-25.547778,Foz do Iguacu,1.258970792767733,1.7840055632823366,2.16884561891516,990.776675938804,79.01390820584145,57.65785813630042,93.26917712691773
-54.056667,-24.556110999999994,Marechal Candido Rondon,3332.1077777777778,3332.1077777777778,3332.1077777777778,964.064763888889,76.15416666666667,61.352777777777774,76.70931849791377
-52.465278000000005,-23.073056000000005,Paranavai,3331.350396825397,3331.350396825397,3331.350992063492,,,,
