City_long,City_lat,city,pm1.0_atm,pm2.5_atm,pm10.0_atm,pressure,temperature,humidity,voc
-53.05499999999999,-26.081111,Francisco Beltrao,,,,936.9233798882682,83.3463687150838,50.814245810055866,98.8673184357542
-54.056666999999976,-24.556111,Marechal Candido Rondon,3321.973991655076,3321.973991655076,3321.973991655076,960.510180806676,85.6606397774687,47.28372739916551,82.5377094972067
-52.465278000000005,-23.073056,Paranavai,3310.2836935166993,3310.2836935166993,3310.2836935166993,,,,
