City_long,City_lat,city,pm1.0_atm,pm2.5_atm,pm10.0_atm,pressure,temperature,humidity,voc
-53.05499999999999,-26.081111000000003,Francisco Beltrao,,,,951.2913055555556,71.6986111111111,49.519444444444446,141.77051460361614
-54.056667,-24.556110999999994,Marechal Candido Rondon,3323.036111111111,3323.036111111111,3323.036111111111,974.1942222222222,80.67777777777778,38.92361111111112,89.79411764705883
