City_long,City_lat,city,pm1.0_atm,pm2.5_atm,pm10.0_atm,pressure,temperature,humidity,voc
-49.273056,-25.427778,Curitiba,2.034625,2.4205,2.7120833333333336,909.4774583333332,72.64583333333333,67.225,85.994
-50.382778000000016,-25.874167,Sao Mateus do Sul,5.986161087866109,7.326119246861925,8.007803347280335,926.4680753138076,75.60460251046025,59.40585774058577,66.75696652719665
-53.05499999999999,-26.081111000000003,Francisco Beltrao,3332.2618264840185,3332.2618264840185,3332.2618264840185,942.3760273972604,68.4337899543379,64.91324200913242,183.0107305936073
-54.09388899999999,-25.295278000000003,Medianeira,5.573702928870292,6.70826359832636,7.102552301255229,965.0020920502092,76.98326359832636,47.92468619246862,119.5489539748954
-54.588056,-25.547778,Foz do Iguacu,18.49543933054393,24.678912133891213,28.71435146443515,992.972510460251,74.4602510460251,57.72803347280335,106.8569037656904
-54.056666999999976,-24.55611099999999,Marechal Candido Rondon,1669.0433054393304,1669.5190585774058,1669.813221757322,965.7780334728031,76.07112970711297,50.15481171548117,69.77066945606694
-52.46527800000001,-23.073056,Paranavai,3331.4344067796605,3331.4344067796605,3331.4344067796605,,,,
-50.161943999999984,-25.095000000000006,Ponta Grossa,7.087104166666666,9.014375,9.569958333333334,911.3888750000001,74.82916666666667,65.27083333333333,69.22550000000001
