City_long,City_lat,city,pm1.0_atm,pm2.5_atm,pm10.0_atm,pressure,temperature,humidity,voc
-49.273056,-25.427778,Curitiba,1.9159817351598167,2.3650456621004565,2.9297488584474887,910.6868493150683,75.9269406392694,72.15525114155251,81.72762557077625
-48.99111100000001,-24.657222,Adrianopolis,5.227743362831858,6.538982300884956,7.935398230088496,991.2170796460176,80.97345132743362,72.75221238938053,
-50.382778000000016,-25.874167,Sao Mateus do Sul,6.282522831050228,7.563755707762557,8.561792237442923,927.6994292237442,81.45433789954338,61.26027397260274,67.96020547945204
-53.05499999999999,-26.081111000000007,Francisco Beltrao,3332.1297272727275,3332.1297272727275,3332.1297272727275,945.7927727272728,79.57272727272728,61.1,101.18736363636364
-54.093889,-25.295278,Medianeira,7.754449541284402,9.177614678899085,10.060825688073397,968.975871559633,82.9862385321101,62.39908256880734,130.72545871559632
-54.58805600000001,-25.547778,Foz do Iguacu,4.696681818181818,6.101318181818182,7.145772727272726,996.837,85.32272727272728,54.69545454545455,72.48945454545455
-54.056666999999976,-24.556110999999994,Marechal Candido Rondon,1669.74703196347,1670.2822602739727,1670.5182648401826,969.2970776255708,83.90867579908675,57.8675799086758,65.8316894977169
-52.46527799999998,-23.07305599999999,Paranavai,3331.985128205128,3331.985128205128,3331.985128205128,,,,
-50.161944,-25.095,Ponta Grossa,5.096636363636364,6.386613636363635,6.992704545454545,913.2625,77.23636363636363,70.56818181818181,85.19136363636363
