City_long,City_lat,city,pm1.0_atm,pm2.5_atm,pm10.0_atm,pressure,temperature,humidity,voc
-53.055,-26.081110999999996,Francisco Beltrao,,,,945.7580656934307,72.67518248175182,65.27007299270073,136.63868613138686
