City_long,City_lat,city,pm1.0_atm,pm2.5_atm,pm10.0_atm,pressure,temperature,humidity,voc
-49.273056,-25.427778,Curitiba,1.925837988826816,2.3768156424581006,2.5937150837988825,911.560558659218,68.62430167597765,69.56145251396649,72.15502793296089
-50.38277800000001,-25.874167,Sao Mateus do Sul,9.005089941542073,11.434159585796245,12.23213406749826,927.7710218049156,74.46784406510778,60.386289551460365,70.90327828348865
-53.055,-26.081111,Francisco Beltrao,3331.049145299145,3331.049145299145,3331.049145299145,944.0198575498574,73.92450142450143,62.91595441595442,108.15954415954415
-54.093889,-25.295278000000003,Medianeira,8.882361111111111,10.25027777777778,10.97,966.6764444444444,79.71666666666667,60.6375,124.00277777777778
-54.58805600000001,-25.547778,Foz do Iguacu,12.498194444444444,16.308333333333334,17.810000000000002,994.4844861111112,78.1875,59.825,86.36111111111111
-54.056666999999976,-24.556111,Marechal Candido Rondon,3332.153685674548,3332.153685674548,3332.153685674548,967.6343532684284,77.97774687065369,63.76356050069541,79.75104311543811
-50.16194400000001,-25.094999999999995,Ponta Grossa,8.36105702364395,11.547844228094577,12.637413073713493,913.4159388038944,71.43254520166899,67.12378303198888,87.89986091794158
