City_long,City_lat,city,pm1.0_atm,pm2.5_atm,pm10.0_atm,pressure,temperature,humidity,voc
-49.273056,-25.427778,Curitiba,9.610114942528735,11.87111111111111,12.872452107279694,909.053141762452,65.42528735632185,68.2183908045977,95.78011494252874
-50.382778000000016,-25.874167,Sao Mateus do Sul,9.018939011728232,11.629102468485858,12.977187856453453,926.7551673686056,62.361922728203325,53.38969319411541,92.77448590272294
-53.05499999999999,-26.081111000000003,Francisco Beltrao,3559.4663137254897,3559.4663137254897,3559.4663137254897,944.3686274509804,59.1686274509804,59.09411764705882,100.41207843137256
-54.093889,-25.295278000000003,Medianeira,1.2151340996168585,1.688582375478927,2.029578544061303,967.6066283524904,68.87739463601532,48.69731800766284,79.37586206896552
-54.05666699999999,-24.556111,Marechal Candido Rondon,1676.4553461538462,1676.8099807692306,1676.9857499999998,967.9902692307694,68.57692307692308,49.06153846153846,72.69426923076922
-52.465278000000005,-23.073056000000005,Paranavai,3374.683125,3374.683125,3374.683125,,,,
-50.161944,-25.095,Ponta Grossa,10.454750957854404,13.008735632183908,14.240344827586204,911.5419540229884,63.70498084291188,57.48275862068966,109.1132183908046
