City_long,City_lat,city,pm1.0_atm,pm2.5_atm,pm10.0_atm,pressure,temperature,humidity,voc
-49.273056,-25.427778,Curitiba,5.939069111424541,8.208885754583921,10.187306064880111,911.6391396332864,52.19605077574048,50.64033850493653,106.8166431593794
-50.382778,-25.874167,Sao Mateus do Sul,790.6814544483294,793.3865695415695,794.792194055944,930.0134680944057,54.99739704739704,39.24056915306915,81.5197163947164
-53.05499999999999,-26.081111000000003,Francisco Beltrao,3815.19125,3815.19125,3815.19125,948.8943055555554,52.025,42.21666666666667,116.51388888888889
-54.093889,-25.295278,Medianeira,2.96016713091922,4.331058495821726,5.232590529247911,973.3641086350974,59.033426183844014,32.82311977715877,124.65877437325904
-54.58805600000001,-25.547778,Foz do Iguacu,7.134305555555556,10.840694444444445,13.315,1002.6696111111112,57.547222222222224,40.1625,119.54583333333332
-54.05666699999999,-24.556111,Marechal Candido Rondon,3638.426359832636,3638.426359832636,3638.426359832636,974.478242677824,60.70432357043236,32.33472803347281,102.13668061366806
-52.46527800000001,-23.073056,Paranavai,3739.919573643411,3739.919573643411,3739.919573643411,,,,
-50.16194400000001,-25.094999999999995,Ponta Grossa,4.074408901251738,5.7958275382475675,6.542976356050069,914.962280945758,53.87760778859527,45.21418636995828,102.69262865090403
