City_long,City_lat,city,pm1.0_atm,pm2.5_atm,pm10.0_atm,pressure,temperature,humidity,voc
-53.05499999999999,-26.081111,Francisco Beltrao,,,,941.0965400843882,92.41631504922644,52.68213783403657,74.44507042253521
-54.58805600000001,-25.547778,Foz do Iguacu,1.4720833333333334,2.1484722222222223,2.586666666666667,990.2561805555556,93.6361111111111,52.55416666666667,81.74825174825175
-54.05666699999999,-24.556110999999994,Marechal Candido Rondon,3314.820111731844,3314.820111731844,3314.820111731844,964.6128491620111,90.46508379888269,54.970670391061454,87.68016759776536
