City_long,City_lat,city,pm1.0_atm,pm2.5_atm,pm10.0_atm,pressure,temperature,humidity,voc
-49.273056,-25.427778,Curitiba,5.709201388888889,6.609722222222223,7.403708333333333,913.2110694444444,69.89444444444445,58.54166666666666,72.37691666666667
-50.382778,-25.874167,Sao Mateus do Sul,17.835661678063666,21.67880952518931,23.276175803585225,930.1645229485396,72.62133171070931,50.3883035852264,79.7955086733117
-53.05499999999999,-26.081111,Francisco Beltrao,3363.01793828892,3363.01793828892,3363.01793828892,945.9862973352032,71.3015427769986,54.07854137447406,126.4641935483871
-54.09388899999999,-25.295278,Medianeira,4.879958275382476,5.960660639777469,6.581821974965229,968.0252016689848,82.57440890125174,39.76356050069541,134.79933240611962
-54.588056,-25.547778,Foz do Iguacu,10.409546218487396,13.827932773109245,16.16403361344538,995.6699663865546,80.87226890756303,45.82689075630252,126.8833164983165
-54.056667,-24.556110999999994,Marechal Candido Rondon,1669.3535972222223,1669.9737916666668,1670.2876944444447,968.8821944444444,81.30694444444444,42.07361111111111,89.2159861111111
-50.16194400000001,-25.095,Ponta Grossa,4.628933054393306,5.904832635983262,6.730899581589958,915.028521617852,73.7489539748954,51.79358437935844,72.41866108786611
