City_long,City_lat,city,pm1.0_atm,pm2.5_atm,pm10.0_atm,pressure,temperature,humidity,voc
-53.05499999999999,-26.081111,Francisco Beltrao,,,,938.6088309859156,84.47605633802817,60.625352112676055,75.64084507042253
-54.58805600000001,-25.547778,Foz do Iguacu,3.5854166666666667,4.8975,5.551527777777778,988.1851666666668,91.60277777777776,51.42916666666667,94.82097902097902
-54.05666699999999,-24.556111,Marechal Candido Rondon,3306.506801736614,3306.506801736614,3306.506801736614,961.9955137481908,87.38205499276411,55.41823444283647,78.44121915820028
-52.46527800000001,-23.073056,Paranavai,3325.0436758893284,3325.0436758893284,3325.0436758893284,,,,
