City_long,City_lat,city,pm1.0_atm,pm2.5_atm,pm10.0_atm,pressure,temperature,humidity,voc
-49.273056,-25.427778,Curitiba,4.401195286195287,5.018282828282827,5.424040404040404,910.6844107744108,69.3973063973064,72.16161616161617,73.45474747474746
-50.382778,-25.874167,Sao Mateus do Sul,3.5292785234899324,4.754748322147651,5.777164429530202,928.2617617449664,69.51510067114094,62.13590604026846,70.5791610738255
-53.055,-26.081111,Francisco Beltrao,3332.103125,3332.103125,3332.103125,944.6457291666666,71.84722222222223,64.41319444444444,108.72725694444443
-54.093889,-25.295278,Medianeira,2.2794107744107746,2.8646127946127944,3.7480471380471374,967.2279461279462,76.94612794612794,61.51515151515152,130.37868686868688
-54.588056,-25.547778,Foz do Iguacu,5.709161073825503,7.06496644295302,7.937147651006713,995.1895302013422,77.54697986577182,61.18456375838926,105.05879194630872
-54.056667,-24.556111,Marechal Candido Rondon,1667.231868686869,1667.393552188552,1667.556447811448,967.6637037037036,77.84848484848484,56.535353535353536,84.4163973063973
-50.161944,-25.095,Ponta Grossa,6.731632996632996,8.04094276094276,8.63993265993266,913.096632996633,70.87542087542087,64.28282828282828,101.0876430976431
