City_long,City_lat,city,pm1.0_atm,pm2.5_atm,pm10.0_atm,pressure,temperature,humidity,voc
-49.273056,-25.427778,Curitiba,4.66548463356974,5.571158392434989,6.343735224586288,910.616193853428,67.2482269503546,71.38534278959811,84.66193853427896
-50.382778000000016,-25.874167,Sao Mateus do Sul,6.19779691889045,8.01846010358146,8.935192679073033,927.2589089053722,72.65528660463482,62.63575535463483,88.0308257918552
-53.05499999999999,-26.081111000000003,Francisco Beltrao,3331.237656903766,3331.237656903766,3331.237656903766,943.1124476987447,72.9560669456067,72.82426778242677,122.9560669456067
-54.093889,-25.295278,Medianeira,2.090588235294118,2.523529411764706,2.868627450980392,965.6374509803924,81.29803921568627,59.12352941176471,153.9764705882353
-54.58805600000002,-25.547778,Foz do Iguacu,4.2378431372549015,5.75,6.62156862745098,992.6767058823532,81.76666666666667,60.5843137254902,121.60588235294118
-54.05666699999998,-24.556110999999994,Marechal Candido Rondon,2198.800196078432,2199.241372549019,2200.6607843137253,966.6624313725492,78.51176470588236,63.409803921568624,78.88627450980393
-52.465278000000005,-23.073056000000005,Paranavai,3331.019344262295,3331.019344262295,3331.0213114754097,,,,
-50.161943999999984,-25.09500000000001,Ponta Grossa,4.5103515625,6.366015624999999,7.3734375,913.09419921875,67.77734375,73.634765625,91.859375
