City_long,City_lat,city,pm1.0_atm,pm2.5_atm,pm10.0_atm,pressure,temperature,humidity,voc
-53.055,-26.081111,Francisco Beltrao,,,,949.75702364395,71.10431154381085,43.17524339360222,75.22670375521558
-54.58805600000001,-25.547778,Foz do Iguacu,0.4263005780346821,0.8054913294797689,1.261849710982659,1000.923323699422,76.08670520231213,38.16184971098266,65.78840579710145
-52.465278000000005,-23.073056,Paranavai,3352.057171314741,3352.057171314741,3352.057171314741,,,,
