City_long,City_lat,city,pm1.0_atm,pm2.5_atm,pm10.0_atm,pressure,temperature,humidity,voc
-49.273056,-25.427778,Curitiba,10.96979748603352,12.634106145251398,13.625621508379888,911.7275139664804,79.52234636871508,63.27234636871509,91.6142318435754
-48.991111,-24.657222,Adrianopolis,14.60330965909091,18.19573153409091,20.10893465909091,992.2538352272728,84.38494318181819,64.07670454545455,
-50.382778,-25.874167000000003,Sao Mateus do Sul,16.544559027777776,20.15151736111111,21.609670138888887,928.153125,84.42569444444445,53.1875,89.16190972222222
-53.05499999999999,-26.081111,Francisco Beltrao,3324.7005337078654,3324.7005337078654,3324.7005337078654,944.3967415730336,84.87640449438203,58.912921348314605,135.12727528089889
-54.093889,-25.295278000000003,Medianeira,3.908881944444445,4.528798611111111,4.974048611111111,966.8690694444444,90.02638888888889,56.36666666666667,131.61726388888889
-54.58805600000001,-25.547778,Foz do Iguacu,3.786236111111111,4.685097222222222,5.376333333333333,994.0896111111113,88.77083333333333,56.422222222222224,110.76347222222223
-54.056667,-24.556111,Marechal Candido Rondon,525.8115808823529,526.420919117647,528.170294117647,967.3758823529412,89.50735294117646,55.74264705882353,119.53274074074076
-52.465278000000005,-23.073056000000005,Paranavai,3331.838385826772,3331.838385826772,3331.838385826772,,,,
-50.161944,-25.094999999999995,Ponta Grossa,13.009618055555556,16.241972222222223,17.32982638888889,913.6281944444444,82.71111111111111,59.76111111111111,108.11098611111112
