City_long,City_lat,city,pm1.0_atm,pm2.5_atm,pm10.0_atm,pressure,temperature,humidity,voc
-49.273056,-25.427778,Curitiba,22.81627906976744,29.65880398671096,36.5063122923588,915.3391029900332,65.4983388704319,65.72425249169436,114.40199335548172
-50.38277800000001,-25.874167,Sao Mateus do Sul,12.484662053640182,15.398431277639656,16.743987481023524,931.9357379375592,68.16366526589074,57.5531726474665,71.21088094871399
-54.09388899999999,-25.295278,Medianeira,4.139202657807309,5.149501661129568,5.991362126245846,968.8777408637874,81.45514950166113,40.35548172757475,83.63455149501661
-54.588056,-25.547778,Foz do Iguacu,16.477076411960134,23.763122923588043,28.18039867109634,995.9902325581396,83.3421926910299,45.70764119601329,92.4983388704319
-50.161944,-25.095,Ponta Grossa,18.731893687707643,24.83853820598007,26.51295681063124,917.6624584717608,67.578073089701,65.03654485049834,111.80730897009968
