City_long,City_lat,city,pm1.0_atm,pm2.5_atm,pm10.0_atm,pressure,temperature,humidity,voc
-53.054999999999986,-26.081110999999996,Francisco Beltrao,,,,942.489122562674,79.65738161559888,59.616991643454035,114.023709902371
