City_long,City_lat,city,pm1.0_atm,pm2.5_atm,pm10.0_atm,pressure,temperature,humidity,voc
-53.055,-26.081111,Francisco Beltrao,,,,948.1103755215576,66.87482614742699,70.73852573018081,81.7252440725244
-54.58805600000001,-25.547778,Foz do Iguacu,2.3506963788300834,3.62966573816156,4.304874651810585,998.2957660167132,74.99442896935933,60.33983286908078,98.12709497206704
-52.46527800000001,-23.073056,Paranavai,3321.576047904192,3321.576047904192,3321.576047904192,,,,
