City_long,City_lat,city,pm1.0_atm,pm2.5_atm,pm10.0_atm,pressure,temperature,humidity,voc
-53.05499999999999,-26.081111000000003,Francisco Beltrao,,,,945.772,71.0,79.35138888888889,107.31944444444444
-52.46527800000001,-23.073056,Paranavai,3331.3262845849804,3331.326482213439,3331.3276679841897,,,,
