City_long,City_lat,city,pm1.0_atm,pm2.5_atm,pm10.0_atm,pressure,temperature,humidity,voc
-53.05499999999999,-26.081111000000003,Francisco Beltrao,,,,944.5136666666666,81.20277777777778,61.67083333333333,92.24722222222222
-54.58805600000001,-25.547778,Foz do Iguacu,3.719444444444445,5.044305555555556,5.784166666666668,994.2158611111112,83.59861111111111,61.15138888888889,118.78551532033426
-54.056667,-24.556110999999994,Marechal Candido Rondon,3331.8163888888885,3331.8163888888885,3331.8163888888885,967.8470555555554,80.58194444444445,64.15694444444445,102.00696378830084
-52.465278000000005,-23.073056000000005,Paranavai,3329.873809523809,3329.874007936508,3329.8763888888893,,,,
