City_long,City_lat,city,pm1.0_atm,pm2.5_atm,pm10.0_atm,pressure,temperature,humidity,voc
-49.273056,-25.427778,Curitiba,10.57405329593268,13.084431977559609,14.702805049088356,914.499270687237,70.64516129032258,54.357643758765775,90.22050561797752
-50.382778,-25.874167000000003,Sao Mateus do Sul,10.283333333333331,12.870069444444445,14.166666666666664,931.057625,75.6888888888889,49.706944444444446,80.00069444444443
-54.093889,-25.295278000000003,Medianeira,5.907222222222222,7.20875,8.058333333333334,969.1618194444444,79.10416666666667,50.69444444444444,175.43333333333334
-54.58805600000001,-25.547778,Foz do Iguacu,4.778888888888889,6.590972222222222,7.469027777777779,997.0235277777776,78.70972222222223,55.958333333333336,143.00555555555556
-50.161944,-25.094999999999995,Ponta Grossa,10.012083333333331,12.885000000000002,14.245,916.4696527777778,75.84583333333333,49.763888888888886,86.71944444444445
