City_long,City_lat,city,pm1.0_atm,pm2.5_atm,pm10.0_atm,pressure,temperature,humidity,voc
-49.273056,-25.427778,Curitiba,0.0278298611111111,0.0880729166666666,0.2984027777777778,916.7079513888888,67.94097222222223,69.45486111111111,77.15829861111109
-50.382778,-25.874167,Sao Mateus do Sul,2.449036458333333,3.3369010416666662,3.944088541666667,933.8425694444444,72.46527777777777,55.18923611111112,73.14815972222223
-53.055,-26.081111,Francisco Beltrao,3333.840034602076,3333.840034602076,3333.840034602076,949.1456055363324,67.0,62.391003460207614,134.8593079584775
-54.093889,-25.295278,Medianeira,2.996076388888889,3.714288194444445,4.321284722222222,970.7102430555556,77.80902777777777,52.513888888888886,139.15625
-54.588056,-25.547778,Foz do Iguacu,6.31875,8.75829861111111,10.10565972222222,998.6099305555556,76.73611111111111,53.79166666666666,87.81916666666666
-54.056667,-24.556111,Marechal Candido Rondon,1667.6922222222222,1667.9844618055556,1668.263263888889,971.7369791666666,73.14930555555556,58.22916666666666,65.45361111111112
-52.465278000000005,-23.073056,Paranavai,3327.782413793104,3327.783103448276,3327.78775862069,,,,
-50.161944,-25.095,Ponta Grossa,0.5381770833333333,0.790138888888889,1.1253645833333334,918.4540277777778,67.17708333333333,66.5625,58.19104166666667
