City_long,City_lat,city,pm1.0_atm,pm2.5_atm,pm10.0_atm,pressure,temperature,humidity,voc
-53.055,-26.081111,Francisco Beltrao,,,,948.5332668711656,58.17638036809816,75.02914110429448,144.46
-54.588056,-25.547778000000005,,220.5666666666667,556.6999999999999,645.1333333333333,1003.6933333333333,63.0,59.666666666666664,227.33333333333334
