City_long,City_lat,city,pm1.0_atm,pm2.5_atm,pm10.0_atm,pressure,temperature,humidity,voc
-53.05499999999999,-26.081111000000003,Francisco Beltrao,,,,948.7456805555556,71.46111111111111,52.94583333333333,167.66759776536313
-54.05666699999998,-24.55611099999999,Marechal Candido Rondon,3326.2677108433736,3326.2677108433736,3326.2677108433736,972.5435421686748,79.19277108433735,40.64096385542169,72.60722891566265
