City_long,City_lat,city,pm1.0_atm,pm2.5_atm,pm10.0_atm,pressure,temperature,humidity,voc
-53.05499999999999,-26.081111,Francisco Beltrao,,,,938.9697067448682,72.05425219941348,80.83431085043988,116.86911764705884
-54.588056,-25.547777999999997,,5.4994413407821225,7.7959031657355675,8.683612662942272,988.7354376163872,79.70949720670392,66.85661080074487,135.580223880597
