City_long,City_lat,city,pm1.0_atm,pm2.5_atm,pm10.0_atm,pressure,temperature,humidity,voc
-53.055,-26.081111,Francisco Beltrao,,,,941.9918915159944,81.24617524339361,44.97218358831711,92.27437325905292
-54.58805600000001,-25.547778,Foz do Iguacu,3.682683982683983,5.040692640692641,5.794372294372295,993.1406277056276,84.69913419913419,45.48484848484848,81.31385281385282
-52.465278000000005,-23.073056000000005,Paranavai,3322.7357001972387,3322.7357001972387,3322.7357001972387,,,,
