City_long,City_lat,city,pm1.0_atm,pm2.5_atm,pm10.0_atm,pressure,temperature,humidity,voc
-49.273056,-25.427778,Curitiba,7.570417246175244,8.505208623087622,9.134158553546596,909.3288456189152,82.00417246175243,59.3240611961057,82.26381084840055
-48.99111099999999,-24.657222,Adrianopolis,11.108305439330543,13.305153417015342,14.650934449093445,989.631338912134,86.94839609483961,56.19944211994421,
-50.382778,-25.874167000000003,Sao Mateus do Sul,9.354631944444444,11.548329861111112,12.409975694444444,925.6060555555556,86.60902777777778,49.47152777777778,67.75039583333333
-53.05499999999999,-26.081111,Francisco Beltrao,3322.5208379888268,3322.5208379888268,3322.5208379888268,941.1275139664804,85.67178770949721,54.89804469273743,109.75843575418996
-54.093889,-25.295278000000003,Medianeira,4.0053125,4.743631944444444,5.204486111111111,962.899625,93.05833333333334,45.78472222222222,109.69552777777776
-54.58805600000001,-25.547778,Foz do Iguacu,6.375910987482614,7.936815020862308,8.774158553546592,989.7287343532684,91.7037552155772,49.70792767732962,108.5255632823366
-50.161944,-25.094999999999995,Ponta Grossa,8.508222222222221,10.194826388888888,10.830006944444444,911.1188194444444,85.69444444444444,51.50972222222222,79.42870833333333
