City_long,City_lat,city,pm1.0_atm,pm2.5_atm,pm10.0_atm,pressure,temperature,humidity,voc
-53.05499999999999,-26.081111,Francisco Beltrao,,,,951.5974373259054,65.85236768802228,54.58774373259053,146.7883008356546
-54.056666999999976,-24.556111,Marechal Candido Rondon,3333.8086230876224,3333.8086230876224,3333.8086230876224,974.4659248956884,77.71627260083449,38.11126564673157,87.83983286908078
