City_long,City_lat,city,pm1.0_atm,pm2.5_atm,pm10.0_atm,pressure,temperature,humidity,voc
-49.273056,-25.427778,Curitiba,1.6869921875,2.1434082031250004,2.401572265625,908.66740234375,74.212890625,76.14453125,121.131953125
-50.382778000000016,-25.874167,Sao Mateus do Sul,1.149541015625,1.5669042968750002,1.91630859375,924.31076171875,82.015625,58.16796875,72.2412890625
-53.05499999999998,-26.081111000000007,Francisco Beltrao,6.93296875,8.367851562499999,9.026796875,940.034765625,83.19140625,61.72265625,137.24679687500003
-54.093889,-25.295278,Medianeira,6.47861328125,7.610625000000001,8.482148437500001,962.1980078125,87.546875,55.23828125,178.5158203125
-54.58805600000002,-25.547778,Foz do Iguacu,1669.8816210937498,1670.5930859375,1671.182734375,989.34109375,89.08203125,56.52734375,130.917265625
-54.05666699999999,-24.556111,Marechal Candido Rondon,1670.450266536965,1671.042659533074,1671.3601108949415,963.8228988326848,86.91536964980546,58.97607003891051,61.51436381322958
-52.383056,-24.045556,Campo Mourao,3.90755859375,4.4577734375,5.05787109375,942.8237109375,79.49609375,62.4921875,88.34843749999999
-52.46527800000001,-23.073056000000005,Paranavai,6.053599999999999,7.046266666666667,7.493866666666669,,,,
-50.161943999999984,-25.095000000000006,Ponta Grossa,3.3544921875,4.129746093750001,4.6587499999999995,909.5797265625,80.2109375,61.625,124.943359375
