City_long,City_lat,city,pm1.0_atm,pm2.5_atm,pm10.0_atm,pressure,temperature,humidity,voc
-53.05499999999999,-26.081111,Francisco Beltrao,,,,941.9518296089384,81.06284916201118,48.24301675977654,69.47405329593268
-54.58805600000001,-25.547778,Foz do Iguacu,2.33125,3.358888888888889,4.018055555555556,991.6665138888887,85.73055555555555,44.12638888888889,85.71708683473389
-54.056666999999976,-24.556111,Marechal Candido Rondon,3331.9375521557718,3331.9375521557718,3331.9375521557718,964.7517246175244,82.09457579972184,52.69541029207232,82.7841225626741
-52.465278000000005,-23.073056000000005,Paranavai,3332.0964705882357,3332.0964705882357,3332.0964705882357,,,,
