City_long,City_lat,city,pm1.0_atm,pm2.5_atm,pm10.0_atm,pressure,temperature,humidity,voc
-49.273056,-25.427778,Curitiba,2.158937836493948,2.7637563012242383,3.1012857498028192,908.5838298583724,67.52383320187923,67.08370769178012,102.705
-50.382778000000016,-25.874167,Sao Mateus do Sul,3.393264462809918,4.213708677685951,4.723698347107439,924.415723140496,72.94421487603304,55.332644628099175,74.47320247933885
-53.05499999999998,-26.081111000000007,Francisco Beltrao,7.516307053941908,9.07792531120332,9.660373443983405,938.821286307054,77.0539419087137,57.97095435684647,121.0666804979253
-54.093889,-25.295278,Medianeira,4.65349173553719,5.6941735537190095,6.440578512396693,959.8670247933884,87.30165289256199,47.12396694214876,140.20921487603306
-54.58805600000002,-25.547778,Foz do Iguacu,3.225622406639004,3.904439834024896,4.507344398340249,986.5280497925312,91.92116182572614,43.149377593361,94.05767634854772
-54.056666999999976,-24.556110999999994,Marechal Candido Rondon,4.447925311203319,5.314834024896266,5.977510373443983,961.1476348547716,82.81327800829875,51.83817427385892,61.0346887966805
-52.383056,-24.045555999999998,Campo Mourao,1667.7857903535546,1668.0578650423513,1668.3164646274136,942.8732663488906,79.73552004389424,52.1160882685779,89.36793757072803
-50.16194399999999,-25.095000000000002,Ponta Grossa,1.0088589211618257,1.2919502074688798,1.544377593360996,909.2229045643155,69.4896265560166,63.53941908713693,112.02045643153527
