City_long,City_lat,city,pm1.0_atm,pm2.5_atm,pm10.0_atm,pressure,temperature,humidity,voc
-53.05499999999999,-26.081111,Francisco Beltrao,,,,948.7862692847124,62.632538569424966,51.81206171107994,152.69209039548022
