City_long,City_lat,city,pm1.0_atm,pm2.5_atm,pm10.0_atm,pressure,temperature,humidity,voc
-53.05499999999999,-26.081111,Francisco Beltrao,,,,940.6294553072624,81.56843575418995,55.03491620111732,76.53846153846153
-54.58805600000001,-25.547778,Foz do Iguacu,0.8558333333333334,1.3734722222222224,1.7766666666666664,991.3699166666668,84.77916666666667,51.09583333333333,79.67086834733894
-54.056667,-24.556110999999994,Marechal Candido Rondon,3332.051805555556,3332.051805555556,3332.051805555556,963.9199305555557,82.99861111111112,58.82222222222222,58.61699164345404
-52.465278000000005,-23.073056000000005,Paranavai,3332.1786274509805,3332.1786274509805,3332.1786274509805,,,,
