City_long,City_lat,city,pm1.0_atm,pm2.5_atm,pm10.0_atm,pressure,temperature,humidity,voc
-53.05499999999999,-26.081111000000003,Francisco Beltrao,,,,940.377104519774,76.63700564971751,64.39689265536722,118.55539772727272
-54.58805599999997,-25.547778000000008,,0.3890243902439024,0.7365853658536584,0.9219512195121952,995.8742682926828,76.53658536585365,56.54878048780488,128.82716049382717
-52.465278000000005,-23.073056000000005,Paranavai,3313.9962301587298,3313.9962301587298,3313.9962301587298,,,,
