City_long,City_lat,city,pm1.0_atm,pm2.5_atm,pm10.0_atm,pressure,temperature,humidity,voc
-49.27305599999999,-25.427778,Curitiba,10.971450839328538,13.640647482014389,15.466738609112708,909.5569304556354,69.15107913669065,68.36450839328538,93.6120623501199
-50.38277800000001,-25.874167,Sao Mateus do Sul,20.37507125890736,26.71227434679335,29.873509501187648,926.5368527315914,73.14845605700712,58.93467933491687,80.20338479809976
-53.05499999999999,-26.081111000000003,Francisco Beltrao,3331.340144230769,3331.340144230769,3331.340144230769,942.9834615384616,74.375,69.33173076923077,137.4362740384615
-54.093889,-25.295278,Medianeira,9.010630952380954,10.765595238095235,11.644607142857144,965.5514523809524,79.5047619047619,59.05952380952381,133.33785714285713
-54.58805600000001,-25.547778,Foz do Iguacu,15.64855450236967,21.28763033175355,26.17336492890996,992.9179146919432,82.57345971563981,59.08293838862559,111.22708530805689
-54.056666999999976,-24.556110999999994,Marechal Candido Rondon,1669.632517814727,1670.2310688836103,1670.5517695961996,966.8324465558196,75.24940617577197,63.29453681710213,93.58323040380048
-52.465278000000005,-23.073056000000005,Paranavai,3332.459590909091,3332.459590909091,3332.459590909091,,,,
-50.161944,-25.095,Ponta Grossa,8.181496437054632,10.31038004750594,11.18230403800475,911.8378622327792,71.21615201900238,62.3562945368171,84.17399049881236
