City_long,City_lat,city,pm1.0_atm,pm2.5_atm,pm10.0_atm,pressure,temperature,humidity,voc
-53.05499999999999,-26.081111,Francisco Beltrao,,,,945.213338028169,73.11830985915493,64.37464788732395,108.13597733711048
-54.58805600000001,-25.547778,Foz do Iguacu,0.7744444444444443,1.0727777777777778,1.2644444444444445,998.0076944444444,74.34583333333333,57.72916666666666,92.65459610027855
-52.465278000000005,-23.073056000000005,Paranavai,3332.16607495069,3332.16607495069,3332.16607495069,,,,
