City_long,City_lat,city,pm1.0_atm,pm2.5_atm,pm10.0_atm,pressure,temperature,humidity,voc
-49.273056,-25.427778,Curitiba,12.740000000000002,15.518094575799722,17.474102920723226,907.7723087621696,75.69680111265647,62.95966620305981,110.53361613351878
-50.382778,-25.874167000000003,Sao Mateus do Sul,12.43667013888889,15.912774305555557,17.392243055555554,924.8111805555554,75.98125,59.66597222222222,89.54072222222223
-53.05499999999999,-26.081111,Francisco Beltrao,3331.866340782123,3331.866340782123,3331.866340782123,941.2336731843576,76.5572625698324,65.58938547486034,102.45141061452514
-54.093889,-25.295278,Medianeira,5.377945682451253,6.23116295264624,6.653997214484679,963.439860724234,85.15598885793872,57.84401114206128,104.02197771587744
-54.588056,-25.547778,Foz do Iguacu,7.764668769716088,10.045757097791798,10.98801261829653,990.3651735015771,85.40220820189275,58.58044164037855,106.99394321766562
-54.056667,-24.556110999999994,Marechal Candido Rondon,1669.3712083333337,1669.8461944444446,1670.056118055555,964.4175416666668,81.22083333333333,63.59166666666667,79.40020833333332
-50.161944000000005,-25.094999999999995,Ponta Grossa,9.837534916201118,12.67525837988827,13.394343575418995,910.117905027933,80.39106145251397,55.69692737430167,88.9959217877095
