City_long,City_lat,city,pm1.0_atm,pm2.5_atm,pm10.0_atm,pressure,temperature,humidity,voc
-49.273056,-25.427778,Curitiba,13.617222222222225,17.495197916666665,18.74601736111111,913.803375,82.4986111111111,60.09236111111111,96.119
-50.382778,-25.874167000000003,Sao Mateus do Sul,12.214760416666666,14.5124375,15.727888888888888,929.0898472222224,88.1263888888889,48.80347222222223,71.2915763888889
-53.05499999999999,-26.081111000000003,Francisco Beltrao,1.1102777777777777,1.6843888888888892,1.9893194444444444,944.2226944444442,91.90277777777776,48.69722222222222,164.81475
-54.09388900000001,-25.295278,Medianeira,3.955614692653673,4.844272863568216,5.646461769115443,965.6638380809596,98.99400299850076,37.77061469265367,125.78011994002998
-54.58805600000001,-25.547778,Foz do Iguacu,5.090152777777778,6.362055555555556,7.308708333333334,992.2110972222224,100.13333333333334,37.2125,91.64322222222222
-54.056667,-24.556111,Marechal Candido Rondon,17.889340277777777,18.87741666666667,20.044625,967.299034722222,94.47777777777776,42.61388888888889,92.10302083333336
-52.383056,-24.045556,Campo Mourao,6.215256944444445,6.960972222222222,7.779145833333333,946.994125,90.08611111111112,47.327777777777776,74.75580555555554
-50.161944,-25.094999999999995,Ponta Grossa,10.83415972222222,12.999256944444443,13.969222222222225,914.3703888888888,86.14027777777778,51.2375,106.76913888888888
