City_long,City_lat,city,pm1.0_atm,pm2.5_atm,pm10.0_atm,pressure,temperature,humidity,voc
-53.05499999999999,-26.081111000000003,Francisco Beltrao,,,,945.4670921985816,73.14893617021276,60.18581560283688,95.75106685633
-52.465278000000005,-23.073056000000005,Paranavai,3332.209349593496,3332.209349593496,3332.209349593496,,,,
