City_long,City_lat,city,pm1.0_atm,pm2.5_atm,pm10.0_atm,pressure,temperature,humidity,voc
-49.273056,-25.427778,Curitiba,5.463166228416829,6.744989930386673,7.144528476106519,910.1839617278696,76.61451240272373,70.84397039153697,95.8948828125
-48.99111100000001,-24.657222,Adrianopolis,8.428984374999999,9.96626953125,11.06669921875,989.0784765625,83.12109375,72.60546875,
-50.382778000000016,-25.874167,Sao Mateus do Sul,6.07946201665856,7.242014986624513,7.81228382630107,925.5207857338278,82.78199477140078,57.25425583657588,74.03137243129865
-53.05499999999999,-26.081111,Francisco Beltrao,7.148015564202336,8.467859922178988,9.08852140077821,940.6930739299612,82.7431906614786,67.19066147859922,232.0406225680934
-54.093889,-25.295278,Medianeira,0.94154296875,1.399609375,1.88509765625,962.210703125,89.78125,52.9296875,158.92855468750005
-54.58805600000002,-25.547778,Foz do Iguacu,1667.21140625,1667.63806640625,1667.9223046875,988.849765625,93.484375,49.375,121.9507421875
-54.056666999999976,-24.556110999999994,Marechal Candido Rondon,1.97578125,2.45171875,2.86478515625,963.5214453125,86.17578125,57.88671875,63.311132812500006
-52.383056,-24.045556,Campo Mourao,3.0056640625,3.540390625,4.2007421875,943.9605859375,83.6328125,62.1171875,77.89933593749998
-50.161943999999984,-25.09500000000001,Ponta Grossa,6.90296875,8.25154296875,8.77041015625,910.9259765625,79.64453125,65.2734375,90.21964843749998
