City_long,City_lat,city,pm1.0_atm,pm2.5_atm,pm10.0_atm,pressure,temperature,humidity,voc
-49.273056,-25.427778,Curitiba,11.42622222222222,13.330277777777775,14.21607638888889,909.4549861111112,83.46388888888889,59.10416666666666,83.91872222222221
-48.99111099999999,-24.657222,Adrianopolis,12.648069444444443,15.348395833333337,16.76657638888889,989.3339722222222,89.6375,56.29166666666666,
-50.382778,-25.874167,Sao Mateus do Sul,18.504895688456187,25.15127955493741,28.8009561891516,926.4117663421416,83.45132127955495,56.35326842837274,72.97928372739918
-53.05499999999999,-26.081111,Francisco Beltrao,3331.789396067416,3331.789396067416,3331.789396067416,942.9052528089888,83.20084269662921,62.764044943820224,142.0263764044944
-54.093889,-25.295278000000003,Medianeira,3.786527777777777,4.497631944444445,4.945,965.0968611111113,86.30694444444444,59.225,151.67519444444446
-54.58805600000001,-25.547778,Foz do Iguacu,3.0362916666666666,3.9071527777777777,4.547305555555555,992.1662083333332,87.85277777777777,56.55972222222222,114.36223611111112
-50.161944,-25.094999999999995,Ponta Grossa,11.412194444444443,14.148229166666669,15.146743055555556,911.5794722222222,86.29027777777777,53.602777777777774,90.73236111111112
