City_long,City_lat,city,pm1.0_atm,pm2.5_atm,pm10.0_atm,pressure,temperature,humidity,voc
-53.05499999999999,-26.081111,Francisco Beltrao,,,,946.9126506024096,69.69076305220884,62.08433734939759,96.01204819277108
-54.58805600000001,-25.547778,Foz do Iguacu,3.1228915662650603,4.474698795180723,5.188755020080321,996.5120481927712,78.03614457831326,55.562248995983936,103.0562248995984
-54.05666699999998,-24.556111,Marechal Candido Rondon,3332.1570281124496,3332.1570281124496,3332.1570281124496,969.4575903614458,76.04016064257029,54.5863453815261,90.140562248996
-52.465278000000005,-23.073056000000005,Paranavai,3332.39156626506,3332.39156626506,3332.39156626506,,,,
