City_long,City_lat,city,pm1.0_atm,pm2.5_atm,pm10.0_atm,pressure,temperature,humidity,voc
-53.05499999999999,-26.081111,Francisco Beltrao,,,,944.4172268907564,80.96078431372548,48.796918767507,109.24191279887482
-52.465278000000005,-23.073056000000005,Paranavai,3314.948611111111,3314.948611111111,3314.948611111111,,,,
