City_long,City_lat,city,pm1.0_atm,pm2.5_atm,pm10.0_atm,pressure,temperature,humidity,voc
-53.054999999999986,-26.081111,Francisco Beltrao,,,,947.6687732342007,68.44981412639405,62.342007434944236,161.17164179104478
