City_long,City_lat,city,pm1.0_atm,pm2.5_atm,pm10.0_atm,pressure,temperature,humidity,voc
-49.273056,-25.427778,Curitiba,4.135878962536022,5.076368876080692,5.759510086455331,913.093832853026,73.52593659942363,68.28242074927954,79.71861471861472
-50.382778,-25.874167000000003,Sao Mateus do Sul,8.390069444444443,10.246527777777777,11.049652777777778,929.6308333333334,77.74375,58.91944444444445,74.37777777777778
-53.055,-26.081111,Francisco Beltrao,3331.009857142857,3331.009857142857,3331.009857142857,946.2859142857144,79.78428571428572,63.12857142857143,127.39142857142858
-54.09388899999999,-25.295278,Medianeira,6.774965229485398,7.92183588317107,8.687482614742697,968.8030458970792,86.72044506258693,54.6884561891516,132.5563282336579
-54.58805600000001,-25.547778,Foz do Iguacu,7.430277777777777,9.37111111111111,10.177499999999998,996.2772638888888,84.51666666666667,58.040277777777774,108.79444444444444
-54.05666699999999,-24.556111,Marechal Candido Rondon,1670.136262203626,1671.1016736401673,1671.776290097629,969.4793723849372,88.08786610878661,48.768479776847975,139.00836820083683
-52.46527800000001,-23.073056000000005,Paranavai,3332.11351888668,3332.11351888668,3332.11351888668,,,,
-50.161944,-25.094999999999995,Ponta Grossa,10.712361111111113,13.497777777777776,14.66333333333333,914.9535277777778,80.61805555555556,53.84444444444444,98.92916666666666
