City_long,City_lat,city,pm1.0_atm,pm2.5_atm,pm10.0_atm,pressure,temperature,humidity,voc
-49.273056,-25.427778,Curitiba,9.975106082036776,12.11966053748232,13.276944837340876,912.924271570014,75.62093352192362,59.48656294200849,81.7015558698727
-50.382778,-25.874167,Sao Mateus do Sul,11.874794862854486,15.417818747094374,16.95991108786611,929.4119357275686,76.04152138540213,53.08880172013018,98.5109629242213
-53.05499999999999,-26.081111,Francisco Beltrao,3331.214534883721,3331.214534883721,3331.214534883721,944.820886627907,76.04796511627907,61.20348837209303,169.2674418604651
-54.09388899999999,-25.295278,Medianeira,3.2826147426981915,4.197218358831711,5.0386648122392215,967.0220862308762,83.87899860917942,47.73296244784423,186.7204450625869
-54.58805600000001,-25.547778,Foz do Iguacu,4.982197496522948,6.608762169680111,7.55452016689847,994.3686509040334,82.80806675938804,50.34631432545201,102.92072322670376
-54.056667,-24.556110999999994,Marechal Candido Rondon,1668.2866666666666,1668.7719444444442,1669.114027777778,968.1873055555556,84.31527777777778,47.16944444444445,80.74166666666666
-50.161944,-25.094999999999995,Ponta Grossa,9.902916666666668,13.109305555555556,14.067222222222222,915.0523472222224,76.19305555555556,58.293055555555554,94.49861111111112
