City_long,City_lat,city,pm1.0_atm,pm2.5_atm,pm10.0_atm,pressure,temperature,humidity,voc
-49.273056,-25.427778,Curitiba,1.71508761682243,2.1532359813084114,2.27267523364486,912.0041238317758,76.4731308411215,66.41471962616822,81.96273364485982
-48.991111,-24.657222,Adrianopolis,4.983556338028169,6.232394366197183,7.078884976525821,991.3861737089202,85.27699530516432,61.93427230046948,
-50.382778000000016,-25.874167000000003,Sao Mateus do Sul,5.172476635514018,6.14873831775701,6.553896028037383,927.25,82.87850467289721,54.43808411214953,70.84748831775701
-53.05499999999999,-26.081111000000003,Francisco Beltrao,0.9916355140186918,1.540303738317757,2.063317757009345,944.4562383177572,76.26869158878505,51.26401869158879,118.11831775700936
-54.093889,-25.295278000000003,Medianeira,2.660081775700935,3.422616822429907,3.999894859813085,967.436191588785,82.1892523364486,46.63317757009346,112.63457943925236
-54.588056000000016,-25.547778,Foz do Iguacu,5.682009345794393,7.453995327102804,8.58642523364486,995.3147429906544,81.60747663551402,44.50233644859813,104.44415887850468
-50.161944,-25.095,Ponta Grossa,4.841098130841121,5.700198598130841,6.056845794392523,912.51488317757,83.78738317757009,56.345794392523366,79.64345794392521
