City_long,City_lat,city,pm1.0_atm,pm2.5_atm,pm10.0_atm,pressure,temperature,humidity,voc
-49.273056,-25.427778,Curitiba,11.990483619344774,16.671762870514822,21.349765990639625,913.1357098283931,56.26053042121685,50.42745709828393,85.26875
-50.382778,-25.874167000000003,,6.099722222222223,8.664583333333333,9.843611111111112,927.660125,55.9375,41.013888888888886,79.43532684283727
-54.093889,-25.295278,Medianeira,1.8215877437325907,2.597075208913649,3.1938718662952645,967.5638022284122,66.49860724233983,27.51392757660167,105.041782729805
-54.58805600000001,-25.547778,Foz do Iguacu,3.199583333333333,4.971111111111111,5.849722222222221,995.9386111111112,65.00972222222222,36.47361111111111,88.59444444444445
-50.161944000000005,-25.095,Ponta Grossa,4.249019607843137,6.192156862745099,7.139355742296919,915.224775910364,59.5140056022409,42.490196078431374,75.53921568627452
