City_long,City_lat,city,pm1.0_atm,pm2.5_atm,pm10.0_atm,pressure,temperature,humidity,voc
-49.273056,-25.427778,Curitiba,5.13207810320781,6.150348675034869,6.853138075313807,906.1134030683402,70.4881450488145,65.29986052998605,70.8089260808926
-50.382778,-25.874167000000003,Sao Mateus do Sul,11.333680555555556,13.404722222222224,14.493125,922.0370694444445,72.97638888888889,58.35833333333333,73.69583333333333
-54.093889,-25.295278,Medianeira,4.110445682451254,4.896796657381616,5.403481894150418,959.5585376044568,77.1866295264624,60.17966573816156,88.16573816155989
-54.588056,-25.547778,Foz do Iguacu,6.596734059097978,8.971228615863142,10.165007776049768,987.1031415241058,77.9144634525661,58.922239502332815,78.35925349922239
-50.16194400000001,-25.094999999999995,Ponta Grossa,3.1833101529902645,3.9801112656467312,4.408901251738525,908.3273435326844,70.00973574408901,65.57719054242003,79.94019471488178
