City_long,City_lat,city,pm1.0_atm,pm2.5_atm,pm10.0_atm,pressure,temperature,humidity,voc
-53.055,-26.081111,Francisco Beltrao,,,,938.1888967971528,95.80782918149468,39.16725978647687,99.57857142857142
-54.588056,-25.547778,Foz do Iguacu,8.894539249146757,11.77372013651877,13.249829351535835,986.5857679180888,100.81569965870308,35.972696245733786,127.63139931740616
-54.056667,-24.556111,Marechal Candido Rondon,3247.517808219178,3247.517808219178,3247.517808219178,961.2032534246574,97.37671232876713,35.86643835616438,79.13698630136986
