City_long,City_lat,city,pm1.0_atm,pm2.5_atm,pm10.0_atm,pressure,temperature,humidity,voc
-49.273056,-25.427778,Curitiba,1.764651920679445,2.253748412420133,2.4988505239987533,909.888526190198,76.98703443976936,72.9923883824217,96.74689606741576
-50.38277800000001,-25.874167,Sao Mateus do Sul,4.208356267630465,5.502820139868359,6.167843818562922,924.818117977198,84.80445365146528,56.36082118790158,75.44913017890772
-53.05499999999999,-26.081111,Francisco Beltrao,6.164601398601399,7.6459020979020975,8.130013986013987,940.0134825174824,91.22517482517482,48.74405594405594,104.52903496503497
-54.093889,-25.295278000000003,Medianeira,4.324434357541899,5.15939245810056,5.718331005586592,961.7169692737432,96.95949720670392,42.115921787709496,185.949497206704
-54.58805600000001,-25.547778,Foz do Iguacu,6.500062586926287,7.745062586926286,8.48547983310153,988.1735605006954,99.31293463143254,38.65368567454799,104.21488178025037
-54.056667,-24.556110999999994,Marechal Candido Rondon,3.02729861111111,3.743368055555556,4.319638888888889,962.50025,92.46388888888887,45.90833333333333,80.07570833333334
-52.383056,-24.045556,Campo Mourao,1.1047638888888889,1.346236111111111,1.6127847222222225,943.4175,81.84444444444445,64.40138888888889,97.3864861111111
-50.161944,-25.09499999999999,Ponta Grossa,1.4226580459770115,1.987219827586207,2.3055459770114943,910.6373994252874,79.57471264367815,65.85919540229885,97.52005755395685
