City_long,City_lat,city,pm1.0_atm,pm2.5_atm,pm10.0_atm,pressure,temperature,humidity,voc
-53.05499999999999,-26.081111000000007,Francisco Beltrao,,,,947.3049160671465,62.98800959232614,56.66426858513189,138.5083932853717
