City_long,City_lat,city,pm1.0_atm,pm2.5_atm,pm10.0_atm,pressure,temperature,humidity,voc
-53.05499999999999,-26.081111,Francisco Beltrao,,,,941.6368073136427,84.09282700421942,52.420534458509145,75.97881355932203
-54.58805600000001,-25.547778,Foz do Iguacu,6.853129346314325,9.531015299026423,11.54019471488178,990.66702364395,90.05702364394993,46.93602225312935,106.3501400560224
-54.056667,-24.556110999999994,Marechal Candido Rondon,3319.751527777778,3319.751527777778,3319.751527777778,964.5693194444444,84.06388888888888,53.61388888888889,69.67222222222222
-52.465278000000005,-23.073056000000005,Paranavai,3320.591960784314,3320.591960784314,3320.591960784314,,,,
