City_long,City_lat,city,pm1.0_atm,pm2.5_atm,pm10.0_atm,pressure,temperature,humidity,voc
-49.273056,-25.427778,Curitiba,2.8826399126873743,3.593958362308762,3.8970808897388345,909.08522217393,73.97521731571626,66.44594150826765,76.71897079276772
-50.382778,-25.874167,Sao Mateus do Sul,3.527901232421573,4.3234105383634684,4.816233628882706,924.1627345850718,83.10930787358987,49.63679589707928,73.67184615978982
-53.05499999999999,-26.081111,Francisco Beltrao,6.52104748603352,7.790935754189943,8.509720670391062,938.879567039106,84.0572625698324,47.89664804469274,113.2390782122905
-54.093889,-25.295278000000003,Medianeira,3.81875,4.795555555555556,5.897638888888889,960.3294166666668,95.79444444444444,32.37361111111111,112.48233333333332
-54.58805600000001,-25.547778,Foz do Iguacu,9.458791666666666,12.09720138888889,14.07882638888889,987.317652777778,94.8125,32.95,101.87880555555554
-54.056667,-24.556110999999994,Marechal Candido Rondon,4.751333333333333,5.816916666666667,6.758270833333333,961.2200277777775,92.40416666666668,34.083333333333336,82.35273611111111
-52.383056,-24.045556,Campo Mourao,401.8227086230877,402.3971314325452,403.496842837274,942.487280945758,88.14534075104311,42.41098748261474,86.22605702364395
-50.16194400000001,-25.095,Ponta Grossa,2.18652719665272,2.7048675034867498,3.088584379358437,909.2962622036262,82.3207810320781,53.69595536959554,92.44850767085076
-51.162778,-23.310278000000004,Londrina,1.159567901234568,1.547716049382716,2.0162962962962965,947.368024691358,91.11111111111111,41.25925925925926,121.41407894736844
