City_long,City_lat,city,pm1.0_atm,pm2.5_atm,pm10.0_atm,pressure,temperature,humidity,voc
-53.05499999999999,-26.081111,Francisco Beltrao,,,,949.1205343511452,70.74351145038167,49.2,81.70381679389313
-52.465278000000005,-23.073056,Paranavai,3342.3416334661356,3342.3416334661356,3342.3416334661356,,,,
