City_long,City_lat,city,pm1.0_atm,pm2.5_atm,pm10.0_atm,pressure,temperature,humidity,voc
-49.27305599999999,-25.427778,Curitiba,4.956529745042493,5.801140226628896,6.560573654390935,909.6702124645892,80.4957507082153,65.11048158640227,89.83046742209632
-48.991111,-24.657222,Adrianopolis,12.374904692082112,14.178841642228742,15.608431085043987,989.7736363636362,85.60263929618769,65.01319648093842,
-50.382778,-25.874167000000003,Sao Mateus do Sul,4.719402777777777,5.816604166666667,6.621135416666666,926.4667083333334,84.22083333333333,56.22291666666666,78.67622222222222
-53.05499999999999,-26.081111,Francisco Beltrao,3329.579372325249,3329.579372325249,3329.579372325249,943.7795720399428,85.34950071326676,60.26961483594864,103.6726248216833
-54.09388899999999,-25.295278,Medianeira,6.073052851182197,7.342739916550765,7.92662030598053,966.6840472879,91.43115438108484,52.79833101529903,115.21372739916548
-54.58805600000001,-25.547778,Foz do Iguacu,5.374138888888889,6.646763888888889,7.541930555555555,993.8597777777778,90.39722222222224,52.96944444444444,89.87106944444444
-54.056667,-24.556110999999994,Marechal Candido Rondon,713.265361111111,713.7256666666666,714.3626527777777,967.3784861111112,91.075,51.03333333333333,107.05261111111112
-52.465278000000005,-23.073056,Paranavai,3332.068937875751,3332.068937875751,3332.068937875751,,,,
-50.161944,-25.094999999999995,Ponta Grossa,6.770995821727018,8.523147632311977,9.308461002785515,912.2753899721448,85.44428969359332,55.96100278551532,109.79955431754875
