City_long,City_lat,city,pm1.0_atm,pm2.5_atm,pm10.0_atm,pressure,temperature,humidity,voc
-53.05499999999999,-26.081111,Francisco Beltrao,,,,940.4579854014598,85.77080291970803,48.39124087591241,79.47653958944281
-54.58805600000001,-25.547778,Foz do Iguacu,5.081944444444445,7.104861111111111,8.251249999999999,988.934597222222,92.93194444444444,40.075,94.16550764951322
-52.465278000000005,-23.073056000000005,Paranavai,3264.2161735700197,3264.2161735700197,3264.2161735700197,,,,
