City_long,City_lat,city,pm1.0_atm,pm2.5_atm,pm10.0_atm,pressure,temperature,humidity,voc
-53.05499999999999,-26.081111000000003,Francisco Beltrao,,,,945.4501388888888,84.40555555555555,58.7125,79.5513888888889
-54.58805600000001,-25.547778,Foz do Iguacu,3.937222222222223,5.256111111111111,5.786388888888888,995.165,88.49861111111112,56.15972222222222,96.61506276150628
-54.056666999999976,-24.556111,Marechal Candido Rondon,3329.9973574408896,3329.9973574408896,3329.9973574408896,969.1725034770514,84.09179415855354,60.39360222531293,81.57740585774059
-52.46527800000001,-23.073056000000005,Paranavai,3332.164356435644,3332.164356435644,3332.164356435644,,,,
