City_long,City_lat,city,pm1.0_atm,pm2.5_atm,pm10.0_atm,pressure,temperature,humidity,voc
-53.055,-26.081111,Francisco Beltrao,,,,940.4830041724618,84.38108484005564,54.82753824756606,77.66666666666667
-54.58805600000001,-25.547778,Foz do Iguacu,4.785396383866481,6.242420027816411,7.060917941585535,988.2102225312937,93.72461752433937,45.65924895688456,93.10518934081348
-54.056667,-24.556110999999994,Marechal Candido Rondon,3317.6786111111105,3317.6786111111105,3317.6786111111105,962.6516805555555,86.40694444444445,55.75833333333333,90.33240611961057
