City_long,City_lat,city,pm1.0_atm,pm2.5_atm,pm10.0_atm,pressure,temperature,humidity,voc
-49.273056,-25.427778,Curitiba,1.1339449541284403,1.4183486238532106,1.8307339449541284,916.7024159021408,62.54892966360856,66.2645259938838,72.57951070336391
-50.382778,-25.874167,Sao Mateus do Sul,9.444731590944212,12.34532153067532,14.014612695101222,933.8209172268582,64.56805845309844,51.42911740843765,74.8669313089167
-53.05499999999999,-26.081111000000003,Francisco Beltrao,3427.8338526912185,3427.8338526912185,3427.8338526912185,947.9801133144476,63.478753541076486,54.14022662889519,110.28753541076487
-54.093889,-25.295278000000003,Medianeira,2.9834722222222227,3.8448611111111113,4.420555555555556,969.5553888888888,71.90694444444445,43.80416666666667,140.175
-54.58805600000001,-25.547778,Foz do Iguacu,4.957361111111111,7.252777777777778,8.485972222222223,997.2966805555556,73.89444444444445,43.64722222222223,99.16805555555555
-54.056667,-24.556110999999994,Marechal Candido Rondon,3393.249027777777,3393.249027777777,3393.249027777777,970.2840694444444,69.16527777777777,47.2,71.34583333333333
-52.465278000000005,-23.073056,Paranavai,3375.3398821218075,3375.3398821218075,3375.3398821218075,,,,
-50.16194400000001,-25.094999999999995,Ponta Grossa,0.5525730180806676,0.8276773296244783,1.1154381084840055,918.4381919332405,65.04033379694019,55.30876216968011,65.48956884561892
