City_long,City_lat,city,pm1.0_atm,pm2.5_atm,pm10.0_atm,pressure,temperature,humidity,voc
-53.05499999999999,-26.081111,Francisco Beltrao,,,,943.655125698324,76.31284916201118,67.1159217877095,102.99157303370788
-54.588056000000016,-25.547778,,1.1305993690851734,1.8735015772870665,2.37981072555205,992.9832492113565,80.94006309148266,61.3596214511041,96.54746835443038
-52.465278000000005,-23.073056000000005,Paranavai,3253.6485207100586,3253.6485207100586,3253.6485207100586,,,,
