City_long,City_lat,city,pm1.0_atm,pm2.5_atm,pm10.0_atm,pressure,temperature,humidity,voc
-53.05499999999999,-26.081111,Francisco Beltrao,,,,938.9908403361344,81.19047619047619,66.91736694677871,81.46918767507003
-54.05666699999998,-24.556110999999994,Marechal Candido Rondon,3332.1317548746515,3332.1317548746515,3332.1317548746515,961.393426183844,81.30222841225627,65.1142061281337,107.89275766016712
-52.465278000000005,-23.073056000000005,Paranavai,3331.35,3331.35,3331.35,,,,
