City_long,City_lat,city,pm1.0_atm,pm2.5_atm,pm10.0_atm,pressure,temperature,humidity,voc
-49.273056,-25.427778,Curitiba,3.326410256410256,3.8702777777777775,4.306559829059829,911.0200427350428,65.81623931623932,67.52991452991454,83.07632478632479
-50.382778000000016,-25.874167,Sao Mateus do Sul,11.026942060085837,13.335,14.140396995708157,927.9117381974248,72.02145922746782,56.4206008583691,78.12536480686694
-53.05499999999999,-26.081111000000003,Francisco Beltrao,3331.9048695652173,3331.9048695652173,3331.9048695652173,943.0500434782608,74.82608695652173,63.87391304347826,134.04878260869566
-54.093889,-25.295278000000003,Medianeira,9.497200854700855,11.025726495726492,11.724893162393162,965.139829059829,82.74786324786325,57.123931623931625,158.97213675213678
-54.58805600000002,-25.547778,Foz do Iguacu,11.395646551724136,13.749525862068966,14.670862068965516,992.3182327586208,84.10775862068965,57.5948275862069,108.72806034482755
-54.056666999999976,-24.556110999999994,Marechal Candido Rondon,1671.7375965665235,1672.629635193133,1672.9952575107295,966.0716309012876,79.48497854077253,58.29184549356224,59.05115879828326
-52.46527799999999,-23.073056,Paranavai,3332.074,3332.074,3332.074,,,,
-50.16194399999999,-25.095,Ponta Grossa,4.160815450643777,5.134592274678112,5.53038626609442,912.8357510729612,66.75536480686695,67.69527896995709,64.97695278969958
