City_long,City_lat,city,pm1.0_atm,pm2.5_atm,pm10.0_atm,pressure,temperature,humidity,voc
-49.273056,-25.427778,Curitiba,16.302232142857143,20.31205357142857,22.683482142857144,914.310625,49.52232142857143,63.27678571428572,94.49553571428572
-50.382778000000016,-25.874167,Sao Mateus do Sul,14.141800595238092,14.756184523809525,15.631527777777778,932.2499865079365,58.10510912698413,50.017519841269845,75.88891865079366
-53.05499999999999,-26.081111000000003,Francisco Beltrao,3721.174885844749,3721.174885844749,3721.174885844749,950.3196803652968,54.30593607305936,59.57990867579909,96.10502283105023
-54.093889,-25.295278,Medianeira,2.9174107142857144,3.699553571428571,4.198660714285714,974.1604464285714,58.875,54.910714285714285,105.29017857142856
-54.588056000000016,-25.547778,Foz do Iguacu,2.313392857142857,3.403125,4.039732142857143,1003.5056696428572,61.33482142857143,52.441964285714285,83.71875
-54.05666699999998,-24.556110999999994,Marechal Candido Rondon,3644.0422222222223,3644.0422222222223,3644.0422222222223,974.9810666666666,57.04,51.67111111111111,72.1288888888889
-52.465277999999984,-23.073056,Paranavai,3882.292307692308,3882.292307692308,3882.292307692308,,,,
-50.161944,-25.095,Ponta Grossa,9.384444444444444,11.607555555555557,12.596,916.8467111111112,52.09333333333333,60.35111111111111,110.18222222222222
