City_long,City_lat,city,pm1.0_atm,pm2.5_atm,pm10.0_atm,pressure,temperature,humidity,voc
-49.273056,-25.427778,Curitiba,3.867402597402597,5.078636363636364,5.711850649350649,909.4917316017318,64.35497835497836,68.8116883116883,99.8561471861472
-50.38277800000002,-25.874167,Sao Mateus do Sul,3.093257575757576,3.922878787878788,4.505010822510823,925.0893506493506,74.83982683982684,53.75757575757576,74.6865367965368
-53.05499999999999,-26.081111000000003,Francisco Beltrao,10.217,12.582782608695652,13.418565217391304,939.3802608695652,73.4304347826087,71.17826086956522,148.33734782608698
-54.093889,-25.295278,Medianeira,2.24146551724138,2.726465517241379,3.0693965517241386,960.380172413793,79.76724137931035,58.76724137931034,202.9986206896552
-54.58805600000001,-25.547778,Foz do Iguacu,1.5903913043478262,2.005239130434783,2.414326086956522,987.7206521739132,83.61304347826086,50.93478260869565,79.77173913043478
-54.056666999999976,-24.556110999999994,Marechal Candido Rondon,2.925754310344828,3.449762931034483,3.799396551724138,961.6020689655172,77.35344827586206,63.67672413793103,57.92814655172414
-52.38305599999999,-24.045556,Campo Mourao,1668.4001082251084,1668.8345021645025,1669.2537987012988,943.2423593073592,80.27705627705627,50.426406926406926,94.67974025974026
-50.16194399999999,-25.095,Ponta Grossa,1.1226724137931037,1.4970258620689658,1.876508620689655,909.9880172413792,69.71982758620689,62.51293103448276,114.6689224137931
