City_long,City_lat,city,pm1.0_atm,pm2.5_atm,pm10.0_atm,pressure,temperature,humidity,voc
-53.055,-26.081111,Francisco Beltrao,,,,951.98859527121,67.02781641168289,52.58970792767733,158.84700973574408
-54.05666699999999,-24.556111,Marechal Candido Rondon,3339.618270571827,3339.618270571827,3339.618270571827,975.084058577406,76.85076708507671,40.62203626220363,96.11297071129708
