City_long,City_lat,city,pm1.0_atm,pm2.5_atm,pm10.0_atm,pressure,temperature,humidity,voc
-53.055,-26.081111,Francisco Beltrao,,,,943.9382197496524,74.59248956884562,65.28789986091795,84.58136300417246
-54.58805600000001,-25.547778,Foz do Iguacu,3.220445062586926,4.5317107093184985,5.280250347705146,993.1,81.32545201668985,58.32962447844229,106.20055710306409
-54.056667,-24.556111,Marechal Candido Rondon,3321.3689510489507,3321.369230769231,3321.369510489511,965.607944055944,81.7132867132867,54.851748251748255,91.07323943661972
-52.46527800000001,-23.073056,Paranavai,3244.029841897233,3244.029841897233,3244.029841897233,,,,
