City_long,City_lat,city,pm1.0_atm,pm2.5_atm,pm10.0_atm,pressure,temperature,humidity,voc
-49.273056,-25.427778,Curitiba,1.2240639770539046,1.5251024202923922,1.7019169775072605,911.8846197645242,76.75316114784341,64.27093629226647,95.7024416135881
-48.99111100000001,-24.657222,Adrianopolis,3.63,4.412735632183908,5.002068965517241,991.1291264367816,85.61379310344827,61.75402298850575,
-50.382778000000016,-25.874167,Sao Mateus do Sul,3.80145236858136,4.556392224621064,5.103303337872219,927.2604834136596,82.71497518543734,52.267757641451965,73.64452397695919
-53.05499999999999,-26.081111000000003,Francisco Beltrao,0.0503389830508474,0.1524364406779661,0.2636228813559322,943.1353813559324,86.09957627118644,49.58474576271186,130.3855508474576
-54.093889,-25.295278,Medianeira,5.27854872881356,6.212415254237289,6.699025423728813,965.8693644067796,91.54025423728814,46.90254237288136,140.98483050847457
-54.588056,-25.547778,Foz do Iguacu,5.6547017543859655,6.673122807017544,7.36280701754386,993.3307719298248,92.02105263157895,45.64561403508772,122.5524210526316
-54.056666999999976,-24.556110999999994,Marechal Candido Rondon,239.42992569002124,240.4054883227176,241.56148619957528,966.475414012739,92.74734607218684,43.29936305732484,76.61265392781316
-52.46527800000001,-23.07305600000001,Paranavai,1317.407491408935,1317.8834020618558,1318.4328865979382,,,,
-50.161943999999984,-25.095,Ponta Grossa,3.354238900634249,4.267061310782241,4.843604651162791,912.190042283298,85.50105708245243,49.784355179704015,91.78663847780128
