City_long,City_lat,city,pm1.0_atm,pm2.5_atm,pm10.0_atm,pressure,temperature,humidity,voc
-53.054999999999986,-26.081111000000003,Francisco Beltrao,,,,945.8030833333333,74.58472222222223,57.6125,140.4100418410042
