City_long,City_lat,city,pm1.0_atm,pm2.5_atm,pm10.0_atm,pressure,temperature,humidity,voc
-52.46527800000001,-23.073056,Paranavai,3380.9754940711464,3380.9754940711464,3380.9754940711464,,,,
-53.05500000000001,-26.081111,Francisco Beltrao,,,,949.4958558558558,66.91891891891892,49.62162162162162,191.47272727272727
