City_long,City_lat,city,pm1.0_atm,pm2.5_atm,pm10.0_atm,pressure,temperature,humidity,voc
-49.273056,-25.427778,Curitiba,10.198458333333337,13.05734375,14.21945486111111,911.127277777778,81.66666666666666,61.06944444444444,104.465125
-48.991111,-24.657222,Adrianopolis,9.38967270194986,10.90884401114206,11.984059888579388,989.532729805014,92.00557103064068,52.1991643454039,
-50.382778,-25.874167,Sao Mateus do Sul,7.830538020591872,9.536818976008345,10.587894147929225,926.6477169293772,87.36064170916396,46.95953677947767,90.58898621735436
-53.05499999999999,-26.081111000000003,Francisco Beltrao,1.1105555555555555,2.0113888888888893,2.606472222222222,943.6622083333334,87.73333333333333,49.49583333333333,127.20490277777778
-54.093889,-25.295278000000003,Medianeira,4.595906555090656,5.626297071129708,6.325641562064157,965.8293165969316,97.18270571827055,37.6792189679219,119.50269177126916
-54.58805600000001,-25.547778,Foz do Iguacu,7.776930555555555,9.47525,10.619694444444445,993.1387222222222,92.6625,46.263888888888886,118.01765277777776
-54.056667,-24.556110999999994,Marechal Candido Rondon,15.885729166666668,16.666104166666667,17.4756875,966.3791944444444,97.13055555555556,35.016666666666666,83.42012500000001
-52.383056,-24.045556000000005,Campo Mourao,4.158325082508251,4.966113861386138,5.948580858085808,945.6379207920792,93.23762376237624,37.06930693069307,84.25232673267327
-50.16194400000001,-25.094999999999995,Ponta Grossa,6.853630041724617,8.40374826147427,9.211321279554936,912.0375104311544,89.06258692628651,46.33518776077886,92.08314325452017
