City_long,City_lat,city,pm1.0_atm,pm2.5_atm,pm10.0_atm,pressure,temperature,humidity,voc
-49.273056,-25.427778,Curitiba,5.163054393305439,6.045055788005578,6.720941422594143,909.7673500697348,77.99721059972106,64.49232914923292,77.4902510460251
-50.382778,-25.874167,Sao Mateus do Sul,7.72100041048524,10.016255935133676,11.09714311447226,926.4445212100138,80.39611439499305,56.75497797867408,74.4504285824822
-53.05499999999999,-26.081111,Francisco Beltrao,3332.1888477951634,3332.1888477951634,3332.1888477951634,943.8744238975818,79.21194879089616,54.77098150782361,84.55019914651493
-54.09388900000001,-25.295278000000003,Medianeira,3.149178370786517,3.9428089887640447,4.5356741573033705,967.5275561797752,81.32865168539325,49.60814606741573,108.97008426966292
-54.58805600000001,-25.547778,Foz do Iguacu,3.63890603085554,4.7452875175315565,5.415946704067322,995.5433520336604,79.57784011220197,49.76858345021038,94.4430855539972
-54.05666699999999,-24.556111,Marechal Candido Rondon,1668.7195676429567,1669.252747559275,1669.5033682008368,968.2166945606696,82.6276150627615,49.37238493723849,74.99814504881451
-52.46527800000001,-23.073056,Paranavai,3332.223260869566,3332.223260869566,3332.223260869566,,,,
-50.161944,-25.094999999999995,Ponta Grossa,6.533819444444443,8.41388888888889,9.188409722222222,912.0596944444444,79.54722222222222,60.891666666666666,94.37736111111111
