City_long,City_lat,city,pm1.0_atm,pm2.5_atm,pm10.0_atm,pressure,temperature,humidity,voc
-49.273056,-25.427778,Curitiba,4.534878636645002,5.576483480346642,5.989438157691117,907.9466249613124,77.20407381615598,60.657046966883314,95.95501392757662
-50.382778,-25.874167000000003,Sao Mateus do Sul,9.340576388888888,11.427902777777778,12.35367361111111,922.8584375,85.21111111111111,45.93888888888889,75.20656249999999
-53.05499999999999,-26.081111,Francisco Beltrao,5.1181005586592185,6.665377094972067,7.475055865921787,939.1802653631286,86.31145251396649,37.115921787709496,132.28234636871508
-54.093889,-25.295278000000003,Medianeira,1.4509097222222225,1.9508958333333333,2.390881944444444,961.5632361111112,93.83472222222224,29.363888888888887,94.87561111111113
-54.58805600000001,-25.547778,Foz do Iguacu,7.942286585365854,10.739908536585368,12.65375762195122,988.5846951219512,92.16615853658536,33.5609756097561,104.21558778625956
-54.05666699999999,-24.556110999999994,Marechal Candido Rondon,1.7463737373737374,2.2227108585858586,2.8128386994949497,962.2478251262626,98.52834595959597,23.2125,122.9362152777778
-52.383056,-24.045556,Campo Mourao,133.8660187760779,134.19301460361612,135.29734005563282,942.3932406119612,90.35465924895688,32.778164116828926,79.53979137691238
-50.161944,-25.094999999999995,Ponta Grossa,6.368611111111111,7.676194444444445,8.301243055555554,908.0678611111113,85.81527777777778,47.97222222222222,88.74645833333332
-51.162778,-23.310278000000004,Londrina,4.306829268292684,6.30420731707317,7.801829268292683,946.9198780487804,91.6829268292683,34.41463414634146,109.8146153846154
