City_long,City_lat,city,pm1.0_atm,pm2.5_atm,pm10.0_atm,pressure,temperature,humidity,voc
-49.273056,-25.427778,Curitiba,4.324979424573917,5.506436250471521,6.163865865368128,914.227350913892,65.81185487466136,71.49933129865231,96.80344398340247
-48.99111100000001,-24.65722199999999,Adrianopolis,5.79240506329114,7.017995780590717,8.241012658227845,995.0642616033756,71.88185654008439,68.70042194092827,
-50.382778000000016,-25.874167,Sao Mateus do Sul,5.893481404958678,7.218388429752066,8.09914256198347,930.2993181818182,72.50826446280992,58.25826446280992,69.4798347107438
-53.05499999999999,-26.081111000000007,Francisco Beltrao,4.1238016528925625,4.616528925619835,4.983636363636363,945.7162809917354,73.14462809917356,50.11570247933884,139.7412396694215
-54.093889,-25.295278,Medianeira,5.093029045643154,6.231120331950207,6.826556016597511,967.2833609958506,83.49792531120332,42.531120331950206,116.49460580912864
-54.588056000000016,-25.547778,Foz do Iguacu,6.6019421487603305,8.33090909090909,9.367148760330576,994.7240082644628,83.14876033057851,43.8099173553719,89.6572314049587
-52.46527800000001,-23.073056,Paranavai,3332.1351666666665,3332.1351666666665,3332.1351666666665,,,,
-50.16194399999999,-25.095,Ponta Grossa,7.779128630705394,9.613174273858922,10.687240663900416,914.961244813278,70.52697095435684,62.69294605809129,109.80228215767634
