City_long,City_lat,city,pm1.0_atm,pm2.5_atm,pm10.0_atm,pressure,temperature,humidity,voc
-49.273056,-25.427778,Curitiba,16.91760563380282,21.90859154929577,26.35816901408451,914.6592253521128,70.91549295774648,57.23521126760564,106.11723163841808
-50.382778,-25.874167000000003,Sao Mateus do Sul,12.40451388888889,15.56527777777778,17.182916666666664,931.1302083333334,74.21944444444443,51.01736111111112,86.53958333333333
-53.05499999999999,-26.081111000000003,Francisco Beltrao,3331.068980169972,3331.068980169972,3331.068980169972,946.7493059490084,76.0014164305949,56.671388101983005,189.31019830028328
-54.093889,-25.295278000000003,Medianeira,4.433054393305439,5.589400278940029,6.658158995815899,968.4918270571828,85.21757322175732,37.83124128312413,117.51464435146444
-54.58805600000001,-25.547778,Foz do Iguacu,10.196801112656468,14.519193324061195,17.128233657858136,995.4903059805284,85.7287899860918,42.69958275382476,95.9095966620306
-54.056667,-24.556111,Marechal Candido Rondon,3306.545314685315,3306.545314685315,3306.545314685315,970.089832167832,83.27132867132867,41.26713286713287,83.45098039215686
-52.465278000000005,-23.073056,Paranavai,3331.8663405088064,3331.8663405088064,3331.8663405088064,,,,
-50.161944,-25.094999999999995,Ponta Grossa,13.387916666666666,17.36916666666667,18.69222222222222,916.9457777777777,72.48055555555555,55.48888888888889,111.35
