City_long,City_lat,city,pm1.0_atm,pm2.5_atm,pm10.0_atm,pressure,temperature,humidity,voc
-53.055,-26.081111,Francisco Beltrao,,,,950.1696801112656,70.4019471488178,45.3240611961057,74.35654596100278
-54.58805600000001,-25.547778,Foz do Iguacu,0.9132387706855792,1.674940898345154,2.3373522458628844,1000.5440189125296,75.53427895981088,43.9290780141844,76.92671394799055
-52.46527800000001,-23.073056,Paranavai,3345.8286561264817,3345.8286561264817,3345.8286561264817,,,,
