City_long,City_lat,city,pm1.0_atm,pm2.5_atm,pm10.0_atm,pressure,temperature,humidity,voc
-49.273056,-25.427778,Curitiba,5.615591133004926,6.270812807881774,6.736083743842365,910.6713300492612,68.18226600985221,68.15270935960591,82.04315270935962
-50.382778000000016,-25.874167,Sao Mateus do Sul,8.321234424804405,9.850422703564185,10.227374915483434,927.5836889065972,73.34381338742394,57.03654737757172,67.21970890080169
-53.05499999999999,-26.081111000000003,Francisco Beltrao,3337.7381683168323,3337.7381683168323,3337.7381683168323,942.9894554455444,66.3069306930693,62.85643564356435,138.9108910891089
-54.093889,-25.295278,Medianeira,7.212586206896552,8.570566502463054,9.02615763546798,964.9989655172416,78.4679802955665,54.66009852216749,93.40482758620688
-54.588056,-25.547778,Foz do Iguacu,12.069162561576354,15.29463054187192,16.890344827586205,992.885369458128,76.09852216748769,55.645320197044335,119.08995073891624
-54.056666999999976,-24.556110999999994,Marechal Candido Rondon,1670.3121078431377,1670.9336029411763,1671.192156862745,965.7267156862744,79.75980392156863,52.833333333333336,62.19906862745098
-50.161944000000005,-25.094999999999995,Ponta Grossa,4.748014705882352,5.799901960784313,6.214289215686274,912.6416666666668,67.15686274509804,67.58333333333333,78.38093137254901
-52.465278000000005,-23.073056,Paranavai,3331.560862068965,3331.560862068965,3331.560862068965,,,,
