City_long,City_lat,city,pm1.0_atm,pm2.5_atm,pm10.0_atm,pressure,temperature,humidity,voc
-53.05499999999999,-26.081111,Francisco Beltrao,,,,940.1605849582172,83.02367688022284,66.82172701949861,76.2608089260809
-54.58805600000001,-25.547778,Foz do Iguacu,2.25900439238653,3.1185944363103952,3.66822840409956,987.8266764275256,91.56808199121522,54.94143484626648,101.90190336749636
-54.056666999999976,-24.556110999999998,Marechal Candido Rondon,3303.286648122392,3303.286648122392,3303.286648122392,962.4136300417244,89.7260083449235,56.51043115438109,93.11576011157601
