City_long,City_lat,city,pm1.0_atm,pm2.5_atm,pm10.0_atm,pressure,temperature,humidity,voc
-53.05499999999999,-26.081111,Francisco Beltrao,,,,942.7494685314686,80.25734265734266,49.42377622377622,89.69887955182072
-54.58805600000001,-25.547778,Foz do Iguacu,5.845618915159944,8.40403337969402,9.795132127955494,993.425799721836,82.12795549374131,47.11265646731572,105.69037656903764
-52.465278000000005,-23.073056000000005,Paranavai,3331.9059055118114,3331.9059055118114,3331.9059055118114,,,,
