City_long,City_lat,city,pm1.0_atm,pm2.5_atm,pm10.0_atm,pressure,temperature,humidity,voc
-49.273056,-25.427778,Curitiba,15.772638888888888,19.62666666666667,22.04513888888889,913.2997083333332,75.45555555555555,59.88611111111111,94.19166666666666
-50.382778,-25.874167000000003,Sao Mateus do Sul,16.482083333333335,20.301875000000003,21.581805555555555,929.8945138888888,76.66041666666666,54.36736111111111,67.97361111111111
-53.05499999999999,-26.081111,Francisco Beltrao,3331.120384047267,3331.120384047267,3331.120384047267,945.2221565731164,76.39586410635155,56.68389955686854,171.22156573116692
-54.093889,-25.295278000000003,Medianeira,6.683614088820827,8.082695252679938,9.146401225114856,967.0546401225114,85.34456355283308,43.55895865237366,124.32618683001532
-54.58805600000001,-25.547778,Foz do Iguacu,11.243055555555555,15.074027777777776,17.294166666666666,994.0494305555555,84.65972222222223,49.0125,111.11111111111111
-54.056666999999976,-24.556111,Marechal Candido Rondon,1684.069819193324,1684.9934631432543,1686.0410292072322,968.1776495132128,81.49374130737135,48.23783031988874,90.02920723226704
-52.465278,-23.073056000000005,Paranavai,3331.29865470852,3331.29865470852,3331.3,,,,
-50.16194400000001,-25.094999999999995,Ponta Grossa,15.356050069541029,20.473574408901253,22.02920723226704,915.4309874826148,75.81363004172462,57.68289290681502,117.40890125173853
