City_long,City_lat,city,pm1.0_atm,pm2.5_atm,pm10.0_atm,pressure,temperature,humidity,voc
-53.05499999999999,-26.081111,Francisco Beltrao,,,,938.054921316166,91.38197424892704,48.49928469241774,85.7907647907648
-54.58805600000001,-25.547778,Foz do Iguacu,4.5867872044506255,5.972183588317107,6.787343532684284,986.64314325452,96.12795549374133,43.64394993045897,98.9539748953975
-54.056666999999976,-24.556110999999998,Marechal Candido Rondon,3240.786509040334,3240.786509040334,3240.786509040334,960.8315438108485,93.73296244784423,40.82336578581363,95.115438108484
