City_long,City_lat,city,pm1.0_atm,pm2.5_atm,pm10.0_atm,pressure,temperature,humidity,voc
-49.273056,-25.427778,Curitiba,2.6107169117647056,3.364136029411765,3.694705882352941,910.9776286764704,73.19301470588235,74.61948529411765,121.50231617647056
-48.991111,-24.657222,Adrianopolis,4.648754646840149,5.84135687732342,7.172936802973977,990.5118587360596,79.64684014869889,73.27137546468401,
-50.382778,-25.874167,Sao Mateus do Sul,6.001394735778927,7.246036212561948,7.950481173238526,926.4561012578108,79.75737987502694,59.71331609566904,76.47319078592976
-53.055,-26.081111,Francisco Beltrao,3.3552205882352943,3.8031617647058815,4.080919117647059,943.7369117647058,74.38235294117646,62.525735294117645,149.75555147058824
-54.093889,-25.295278,Medianeira,5.7108823529411765,6.736948529411765,7.432095588235294,966.585919117647,80.125,54.97426470588236,141.55702205882352
-54.588056,-25.547778,Foz do Iguacu,6.843198529411764,8.297242647058823,9.189485294117649,994.550882352941,81.23529411764706,53.481617647058826,129.14955882352942
-52.465278000000005,-23.073056000000005,Paranavai,3331.381818181818,3331.381818181818,3331.381818181818,,,,
-50.161944000000005,-25.095,Ponta Grossa,6.1153125,7.322334558823528,7.761838235294118,911.6354044117644,78.47058823529412,62.99632352941177,74.533125
