City_long,City_lat,city,pm1.0_atm,pm2.5_atm,pm10.0_atm,pressure,temperature,humidity,voc
-49.273056,-25.427778,Curitiba,2.253072625698324,2.6884078212290503,3.111312849162011,908.8873882681564,70.5963687150838,66.07402234636872,72.82237762237762
-50.382778,-25.874167,Sao Mateus do Sul,4.1779954481792725,5.238313492063492,5.715353641456582,925.647944502801,74.64499883286648,56.42857142857143,69.01094748324763
-53.05499999999999,-26.081111000000003,Francisco Beltrao,3331.97221438646,3331.97221438646,3331.97221438646,943.3322002820876,74.49929478138223,58.08180535966149,80.11847672778562
-54.093889,-25.295278000000003,Medianeira,11.4225,14.119166666666668,15.561944444444444,967.0160138888888,76.99166666666666,58.91388888888889,126.44166666666666
-54.58805600000001,-25.547778,Foz do Iguacu,14.725138888888887,22.97208333333333,26.118333333333336,995.3634305555554,75.15138888888889,57.71666666666667,75.5625
-54.056667,-24.556110999999994,Marechal Candido Rondon,3332.2391666666667,3332.2391666666667,3332.2391666666667,967.570125,77.40833333333333,58.56666666666667,65.60138888888889
-50.16194400000001,-25.094999999999995,Ponta Grossa,4.04144645340751,5.101390820584144,5.485535465924896,911.4072322670377,70.6230876216968,67.16689847009735,73.24339360222531
