City_long,City_lat,city,pm1.0_atm,pm2.5_atm,pm10.0_atm,pressure,temperature,humidity,voc
-49.273056,-25.427778,Curitiba,2.649583333333333,3.4622222222222225,4.279722222222222,915.2004722222222,64.65277777777777,61.918055555555554,74.62361111111112
-50.382778,-25.874167000000003,Sao Mateus do Sul,8.370277777777776,10.77576388888889,11.903472222222224,931.5924722222222,66.28194444444443,52.18333333333334,75.03680555555556
-53.05499999999999,-26.081111,Francisco Beltrao,3335.0019718309863,3335.0019718309863,3335.0019718309863,945.328338028169,63.82816901408451,65.78591549295774,90.70422535211269
-54.093889,-25.295278000000003,Medianeira,7.770277777777778,9.689861111111112,10.842083333333337,966.5778472222224,72.45972222222223,54.19583333333333,160.59444444444443
-54.588056,-25.547778,Foz do Iguacu,10.93676923076923,15.644307692307692,18.20692307692308,993.9912307692308,73.8076923076923,54.73538461538462,112.6353846153846
-54.056667,-24.556110999999994,Marechal Candido Rondon,3339.1925,3339.1925,3339.1925,967.6139722222224,71.13472222222222,53.668055555555554,66.10694444444445
-50.161944,-25.094999999999995,Ponta Grossa,5.349444444444444,6.860833333333332,7.829583333333334,916.7111111111111,65.65694444444445,60.31111111111111,76.93055555555556
