City_long,City_lat,city,pm1.0_atm,pm2.5_atm,pm10.0_atm,pressure,temperature,humidity,voc
-49.273056,-25.427778,Curitiba,3.4235562310030394,4.090273556231002,4.636170212765958,907.5560486322188,69.82826747720365,62.20668693009119,78.36697247706422
-50.382778,-25.874167000000003,Sao Mateus do Sul,5.322430555555555,6.967986111111111,7.880208333333334,924.7472152777776,71.04236111111112,54.53055555555555,89.225
-53.05499999999999,-26.081111,Francisco Beltrao,3496.629809104258,3496.629809104258,3496.629809104258,943.3566666666668,62.477239353891335,67.05433186490455,144.15271659324523
-54.09388899999999,-25.295278,Medianeira,0.1771905424200278,0.3125173852573017,0.4706536856745479,969.2750486787204,67.60778859527122,55.773296244784426,165.36022253129346
-54.58805600000001,-25.547778,Foz do Iguacu,1.0648611111111113,1.7637500000000002,2.18,998.152347222222,68.3,54.09027777777778,93.25138888888888
-54.056667,-24.556110999999994,Marechal Candido Rondon,3401.1590277777777,3401.1590277777777,3401.1590277777777,970.3013611111112,68.25694444444444,53.725,78.16111111111111
-52.46527800000001,-23.073056000000005,Paranavai,3532.868787276342,3532.868787276342,3532.868787276342,,,,
-50.161944,-25.094999999999995,Ponta Grossa,2.955277777777777,3.8015277777777774,4.270694444444445,910.9255833333332,65.08472222222223,67.66388888888889,95.94444444444444
