City_long,City_lat,city,pm1.0_atm,pm2.5_atm,pm10.0_atm,pressure,temperature,humidity,voc
-53.055,-26.081111,Francisco Beltrao,,,,946.8815329512896,71.34957020057307,48.664756446991404,125.7979797979798
-52.465278000000005,-23.073056000000005,Paranavai,3326.2895463510845,3326.2895463510845,3326.2895463510845,,,,
