City_long,City_lat,city,pm1.0_atm,pm2.5_atm,pm10.0_atm,pressure,temperature,humidity,voc
-49.273056,-25.427778,Curitiba,17.959461509646,27.696340202455342,31.731487212450403,910.765532743619,75.76713378399087,65.70401760629332,81.23904306220095
-48.991111,-24.657222,Adrianopolis,7.968152941176471,9.633152941176473,10.797670588235295,990.413788235294,84.47058823529412,59.48,
-50.38277800000001,-25.874167,Sao Mateus do Sul,11.723422273781903,14.123132250580046,15.279773781902554,926.4398027842228,79.10324825986079,56.7354988399072,70.9427494199536
-53.05499999999999,-26.081111000000003,Francisco Beltrao,3321.4675175644024,3321.4675175644024,3321.4675175644024,942.4040281030444,83.89227166276346,55.31850117096019,144.52777517564402
-54.093889,-25.295278,Medianeira,6.399325581395349,8.24089534883721,9.812034883720928,964.3674418604652,93.98372093023256,45.5953488372093,201.67567441860464
-54.58805600000001,-25.547778,Foz do Iguacu,6.15707656612529,7.517819025522042,8.382412993039443,991.2238747099768,92.11832946635732,46.23897911832947,107.93382830626447
-52.465278000000005,-23.073056000000005,Paranavai,3324.964618473896,3324.964618473896,3324.964618473896,,,,
-50.161944,-25.095,Ponta Grossa,6.326809744779583,8.005278422273781,8.477505800464037,911.6535498839906,83.52668213457076,54.89791183294663,78.26227378190255
