City_long,City_lat,city,pm1.0_atm,pm2.5_atm,pm10.0_atm,pressure,temperature,humidity,voc
-49.273056,-25.427778,Curitiba,1.66215465959328,2.136781786030062,2.46629768346596,909.8712017329796,77.71575950486296,72.29901326259946,86.79992042440318
-50.38277800000001,-25.874167,Sao Mateus do Sul,3.2849202127659574,4.274168882978723,4.796742021276595,925.08,84.25398936170212,58.30851063829788,70.21433510638298
-53.05499999999999,-26.081111000000003,Francisco Beltrao,5.461090425531915,6.787686170212766,7.353909574468084,941.393590425532,84.27393617021276,58.380319148936174,141.80204787234044
-54.093889,-25.295278000000007,Medianeira,1.2920215633423182,1.6357277628032345,1.933490566037736,963.090242587601,93.89487870619946,49.95417789757413,197.07746630727763
-54.588056000000016,-25.547778,Foz do Iguacu,3.7406233421750654,4.551803713527851,5.100490716180372,989.8311936339522,95.49867374005304,46.212201591511935,120.70779840848806
-54.05666699999999,-24.556111,Marechal Candido Rondon,2.6851994680851066,3.1445345744680853,3.47125,964.1593617021276,86.67553191489361,60.02127659574468,65.76303191489362
-52.383056,-24.045556000000005,Campo Mourao,1.0725398936170212,1.2744547872340426,1.5460106382978724,944.6197340425532,82.57712765957447,64.96542553191489,96.06010638297872
-50.161944,-25.095,Ponta Grossa,0.512406914893617,0.9144281914893618,1.210598404255319,911.0636170212764,78.42021276595744,69.37234042553192,70.81960106382978
