City_long,City_lat,city,pm1.0_atm,pm2.5_atm,pm10.0_atm,pressure,temperature,humidity,voc
-53.05499999999998,-26.081111000000007,Francisco Beltrao,,,,953.482125,54.958333333333336,47.454166666666666,99.35
-54.056666999999976,-24.556110999999994,Marechal Candido Rondon,3578.9398340248963,3578.9398340248963,3578.9398340248963,977.6120746887966,59.6058091286307,46.946058091286304,67.9460580912863
