City_long,City_lat,city,pm1.0_atm,pm2.5_atm,pm10.0_atm,pressure,temperature,humidity,voc
-49.273056,-25.427778,Curitiba,8.644482638888888,10.9954375,11.970059027777776,911.0993680555556,79.97569444444446,59.35138888888889,96.15440277777778
-48.991111,-24.657222,Adrianopolis,7.501940194714883,9.106954102920724,10.067051460361617,990.8753407510432,83.02503477051461,62.96801112656468,
-50.382778,-25.874167000000003,Sao Mateus do Sul,10.358743055555555,12.699461805555554,13.660378472222224,926.2185000000002,83.0326388888889,52.30208333333333,66.06690972222222
-53.055,-26.081111,Francisco Beltrao,1129.0211126564675,1129.3977746870655,1129.6561891515996,941.9355354659248,85.3240611961057,48.83031988873435,131.16769123783033
-54.093889,-25.295278000000003,Medianeira,4.995777777777778,6.036673611111112,6.657097222222223,963.9377916666666,87.79861111111111,48.86666666666667,155.23081944444445
-54.58805600000001,-25.547778,Foz do Iguacu,9.360791666666666,11.519041666666665,12.59140277777778,990.796722222222,90.80416666666666,45.55,114.15023611111113
-50.16194400000001,-25.094999999999995,Ponta Grossa,10.811815020862309,13.64883866481224,14.707628650904033,911.7645757997218,82.51043115438108,55.68150208623088,93.96011126564672
