City_long,City_lat,city,pm1.0_atm,pm2.5_atm,pm10.0_atm,pressure,temperature,humidity,voc
-53.05499999999999,-26.081111,Francisco Beltrao,,,,937.8752106741572,82.50280898876404,69.16292134831461,76.52327221438647
-54.58805600000001,-25.547778,Foz do Iguacu,1.723643949930459,2.569958275382476,3.080528511821975,986.43,87.73157162726008,61.05285118219749,111.9846368715084
-54.05666699999998,-24.556110999999994,Marechal Candido Rondon,3319.5540389972143,3319.5540389972143,3319.5540389972143,960.71143454039,84.05988857938719,66.6949860724234,75.47972027972028
-52.46527800000001,-23.073056,Paranavai,3322.6922924901187,3322.6922924901187,3322.6922924901187,,,,
