City_long,City_lat,city,pm1.0_atm,pm2.5_atm,pm10.0_atm,pressure,temperature,humidity,voc
-49.27305599999999,-25.427778,Curitiba,0.3874624624624624,0.6137687687687688,1.0313813813813812,910.5824924924924,73.2042042042042,67.66666666666667,98.89783783783784
-50.38277800000001,-25.874167,Sao Mateus do Sul,5.935845808383235,7.253315868263472,7.806571856287426,927.5188323353292,76.26347305389221,60.3502994011976,70.2415119760479
-53.05499999999999,-26.081111,Francisco Beltrao,3332.3269277108434,3332.3269277108434,3332.3269277108434,944.5688253012048,74.11746987951807,68.56626506024097,84.58003012048192
-54.09388899999999,-25.295278,Medianeira,2.3187915407854987,2.77714501510574,3.04463746223565,966.8142900302116,77.35347432024169,65.95468277945619,110.28785498489424
-54.588056,-25.547778,Foz do Iguacu,6.199191616766466,8.28763473053892,9.592784431137725,994.3598802395207,80.91616766467065,61.24251497005988,77.76985029940118
-54.05666699999999,-24.556111,Marechal Candido Rondon,1668.867057057057,1669.230855855856,1669.424354354354,967.3652552552552,78.51051051051051,63.4984984984985,70.0951051051051
-50.161944000000005,-25.094999999999995,Ponta Grossa,1.9387087087087085,2.515735735735736,2.9655255255255253,912.726996996997,71.89789789789789,67.66666666666667,72.64537537537538
