City_long,City_lat,city,pm1.0_atm,pm2.5_atm,pm10.0_atm,pressure,temperature,humidity,voc
-49.27305599999999,-25.427778,Curitiba,3.14327731092437,3.826330532212885,4.435854341736695,914.8975770308124,73.20728291316527,62.12464985994398,75.92296918767506
-50.382778,-25.874167000000003,Sao Mateus do Sul,6.62875,8.212916666666667,9.118680555555557,931.683361111111,75.51527777777778,54.11180555555556,70.15
-53.055,-26.081111,Francisco Beltrao,3331.4611963190187,3331.4611963190187,3331.4611963190187,947.0923006134972,76.71779141104294,58.56288343558282,157.10889570552146
-54.09388899999999,-25.295278,Medianeira,7.031293463143254,8.407927677329624,9.236856745479832,968.977719054242,85.04172461752434,46.17107093184979,147.5424200278164
-54.58805600000001,-25.547778,Foz do Iguacu,11.840555555555556,15.884027777777778,18.09527777777777,996.248888888889,84.52916666666667,50.45972222222223,109.46944444444443
-54.056667,-24.556110999999994,Marechal Candido Rondon,1669.7981944444448,1670.3405555555555,1670.6854166666667,969.9385416666668,84.12083333333334,47.22916666666666,84.56805555555556
-50.161944,-25.094999999999995,Ponta Grossa,8.012083333333333,9.812777777777775,10.62847222222222,916.827652777778,76.21666666666667,56.581944444444446,101.58888888888887
