City_long,City_lat,city,pm1.0_atm,pm2.5_atm,pm10.0_atm,pressure,temperature,humidity,voc
-52.46527800000001,-23.073056,Paranavai,3380.9754940711464,3380.9754940711464,3380.9754940711464,,,,
