City_long,City_lat,city,pm1.0_atm,pm2.5_atm,pm10.0_atm,pressure,temperature,humidity,voc
-49.273056,-25.427778,Curitiba,6.4449848696461824,7.921606765983862,8.513773549037865,913.0843201815644,81.75008535071385,60.50962135319678,82.12709497206704
-50.382778,-25.874167000000003,Sao Mateus do Sul,7.032201388888889,8.657052083333333,9.59503125,928.0477291666666,87.92708333333333,47.28263888888888,70.43643055555556
-53.05499999999999,-26.081111000000003,Francisco Beltrao,0.5710972222222223,1.0325972222222222,1.4118055555555555,943.1342222222222,90.19305555555556,49.577777777777776,126.75925
-54.09388900000001,-25.295278000000003,Medianeira,4.768595505617977,5.597169943820224,6.222359550561797,964.6520084269664,94.95926966292134,45.06741573033708,113.34108146067416
-54.58805600000001,-25.547778,Foz do Iguacu,4.457343532684283,5.381808066759389,6.178456189151599,991.2378442280946,96.27538247566063,44.12100139082058,93.43685674547984
-54.05666699999999,-24.556110999999994,Marechal Candido Rondon,6.980368055555555,8.195430555555555,9.010104166666666,965.5485360042736,92.19767094017094,48.09139957264958,92.76100462962962
-52.383056,-24.045556,Campo Mourao,4.411949860724234,5.0744289693593325,5.832423398328691,945.8399442896936,89.29805013927577,46.44150417827298,80.11994428969359
-52.465278000000005,-23.073056,Paranavai,833.8903536345775,834.8370923379175,835.8704322200392,,,,
-50.161944,-25.094999999999995,Ponta Grossa,5.539159722222223,6.867208333333332,7.636131944444443,913.5459583333336,82.70138888888889,58.68055555555556,89.051625
