City_long,City_lat,city,pm1.0_atm,pm2.5_atm,pm10.0_atm,pressure,temperature,humidity,voc
-49.273056,-25.427778,Curitiba,11.990483619344774,16.671762870514822,21.349765990639625,913.1357098283931,56.26053042121685,50.42745709828393,85.26875
-50.382778000000016,-25.874167,Sao Mateus do Sul,793.336798048048,795.5271114864865,796.4193280780781,930.8422021396397,51.59037162162162,46.93712462462462,69.92937513313035
-53.055,-26.081111,Francisco Beltrao,3725.169319826339,3725.169319826339,3725.169319826339,945.4539073806078,55.95513748191028,42.500723589001446,106.06222865412444
-54.093889,-25.295278,Medianeira,1.8215877437325907,2.597075208913649,3.1938718662952645,967.5638022284122,66.49860724233983,27.51392757660167,105.041782729805
-54.58805600000001,-25.547778,Foz do Iguacu,3.199583333333333,4.971111111111111,5.849722222222221,995.9386111111112,65.00972222222222,36.47361111111111,88.59444444444445
-54.05666699999999,-24.556111,Marechal Candido Rondon,3588.483146067416,3588.483146067416,3588.483146067416,968.9099719101122,61.30898876404494,35.75702247191011,68.90154711673699
-52.465278000000005,-23.07305600000001,Paranavai,3471.708349514563,3471.708349514563,3471.708349514563,,,,
-50.161944000000005,-25.095,Ponta Grossa,4.249019607843137,6.192156862745099,7.139355742296919,915.2247759103641,59.5140056022409,42.490196078431374,75.53921568627452
