City_long,City_lat,city,pm1.0_atm,pm2.5_atm,pm10.0_atm,pressure,temperature,humidity,voc
-53.05499999999999,-26.081111,Francisco Beltrao,,,,940.7995543175488,80.84122562674095,46.57381615598886,100.01673640167364
-54.588056,-25.547778000000005,Foz do Iguacu,5.11006711409396,6.854865771812081,7.901174496644296,989.1318791946309,87.28355704697987,41.90268456375839,102.42060810810811
