City_long,City_lat,city,pm1.0_atm,pm2.5_atm,pm10.0_atm,pressure,temperature,humidity,voc
-49.273056,-25.427778,Curitiba,1.654194009813012,2.142898730876217,2.4165681598670994,908.7054396538402,73.6818633132437,62.83001371503632,79.2406675938804
-50.382778,-25.874167000000003,Sao Mateus do Sul,3.4689861111111107,4.344350694444444,4.867149305555556,923.742951388889,82.45416666666667,48.22083333333333,75.1340437722145
-53.05499999999999,-26.081111,Francisco Beltrao,4.00590717299578,4.824402250351618,5.329029535864979,938.453853727145,85.73136427566807,49.95358649789029,116.60451476793249
-54.09388899999999,-25.295278,Medianeira,4.470431154381084,5.2980250347705145,5.898539638386648,959.8765646731572,95.63421418636996,37.33240611961057,151.07293463143256
-54.58805600000001,-25.547778,Foz do Iguacu,8.19732638888889,10.272451388888888,11.921083333333334,986.5039861111112,96.85416666666669,34.75972222222222,95.57140277777778
-54.056666999999976,-24.556111,Marechal Candido Rondon,5.667432197496523,6.652996638850256,8.059563050533146,961.4816585535466,87.71737366713027,44.62343532684284,111.0123058646268
-52.383056,-24.045556,Campo Mourao,351.27504166666665,351.71695833333337,352.9181666666666,942.1809583333334,86.66736111111112,45.69375,87.97822916666667
-50.161944,-25.094999999999995,Ponta Grossa,1.2805972222222222,1.6721875000000002,1.9953541666666663,908.798388888889,83.58611111111111,50.39861111111111,98.38305555555554
-51.162778,-23.310278,Londrina,0.4774509803921569,0.7133333333333335,1.0582352941176472,947.096862745098,89.47058823529412,42.333333333333336,127.81177777777778
