City_long,City_lat,city,pm1.0_atm,pm2.5_atm,pm10.0_atm,pressure,temperature,humidity,voc
-53.05499999999999,-26.081111,Francisco Beltrao,,,,945.3892307692308,74.0932400932401,59.857808857808855,94.02097902097904
-54.588056000000016,-25.547778,Foz do Iguacu,0.7709006928406467,1.105080831408776,1.3688221709006927,997.6577598152423,74.97228637413394,56.21709006928406,77.99538106235566
-52.465278000000005,-23.073056000000005,Paranavai,3331.712749003984,3331.712749003984,3331.712749003984,,,,
