City_long,City_lat,city,pm1.0_atm,pm2.5_atm,pm10.0_atm,pressure,temperature,humidity,voc
-53.05499999999999,-26.081111,Francisco Beltrao,,,,943.6476740947076,78.88022284122563,45.9025069637883,92.72727272727272
-54.588056,-25.547778000000005,Foz do Iguacu,2.6612820512820514,4.03974358974359,4.972820512820513,994.6417435897436,76.24615384615385,51.34358974358975,114.3762886597938
-52.465278000000005,-23.073056,Paranavai,3322.6856581532415,3322.6856581532415,3322.6856581532415,,,,
