City_long,City_lat,city,pm1.0_atm,pm2.5_atm,pm10.0_atm,pressure,temperature,humidity,voc
-53.05499999999998,-26.081111000000007,Francisco Beltrao,,,,950.0207205240174,65.6353711790393,67.33624454148472,160.76923076923077
