City_long,City_lat,city,pm1.0_atm,pm2.5_atm,pm10.0_atm,pressure,temperature,humidity,voc
-53.05499999999999,-26.081111000000003,Francisco Beltrao,,,,940.9741666666667,80.15833333333333,48.395833333333336,84.56527777777778
-54.58805600000001,-25.547778,Foz do Iguacu,6.56105702364395,9.983866481223922,12.672878998609178,991.3551182197498,84.12239221140473,47.403337969401946,123.0182584269663
-54.056667,-24.556110999999994,Marechal Candido Rondon,3325.057916666667,3325.057916666667,3325.057916666667,964.9193194444445,81.0513888888889,44.93888888888889,68.84518828451883
-52.465278000000005,-23.073056,Paranavai,3327.1962671905694,3327.1962671905694,3327.1962671905694,,,,
