City_long,City_lat,city,pm1.0_atm,pm2.5_atm,pm10.0_atm,pressure,temperature,humidity,voc
-53.05499999999999,-26.081111000000003,Francisco Beltrao,,,,941.1437288135594,88.89406779661017,59.08898305084746,86.02124645892351
-54.58805600000001,-25.547778,Foz do Iguacu,1.7415855354659249,2.441168289290682,2.956050069541029,989.89876216968,92.43393602225314,55.24061196105702,84.18994413407822
-54.056667,-24.556110999999994,Marechal Candido Rondon,3266.661388888889,3266.661388888889,3266.661388888889,964.1670972222224,93.33472222222224,50.57222222222222,84.30822873082288
-52.465278000000005,-23.073056,Paranavai,3219.6844793713162,3219.6850687622787,3219.6856581532415,,,,
