City_long,City_lat,city,pm1.0_atm,pm2.5_atm,pm10.0_atm,pressure,temperature,humidity,voc
-49.273056,-25.42777799999999,Curitiba,8.80165323640014,10.996452419604658,11.759306037542007,913.8496294422812,85.16593927558907,55.84557350179004,79.10493041749503
-50.38277800000001,-25.874167,Sao Mateus do Sul,10.517089920948616,12.738369565217392,13.9914476284585,929.1269071146246,89.09584980237155,47.78557312252964,71.08570158102766
-53.05499999999999,-26.081111000000007,Francisco Beltrao,0.3059090909090909,0.5319960474308301,0.6918577075098813,944.9133399209486,88.17391304347827,54.27865612648221,152.71434782608696
-54.093889,-25.295278000000003,Medianeira,2.549386138613861,3.182851485148515,3.845108910891089,966.7613267326732,96.25544554455446,44.14059405940594,159.99180198019803
-54.588056000000016,-25.547778,Foz do Iguacu,2.9037351778656126,3.586403162055336,4.20399209486166,993.4509090909092,96.31225296442688,43.03557312252964,81.28349802371541
-54.05666699999998,-24.556110999999994,Marechal Candido Rondon,4.7572628458498025,5.725810276679842,6.67413043478261,967.817490118577,91.36363636363636,49.10474308300395,86.5347233201581
-52.383056,-24.045556,Campo Mourao,4.556277227722773,5.2559009900990095,6.052683168316832,947.95499009901,88.1960396039604,53.32079207920792,90.69138613861386
-52.465278,-23.073056000000005,Paranavai,1233.8744171779142,1234.302791411043,1234.6844478527607,,,,
-50.161943999999984,-25.095,Ponta Grossa,7.474140316205533,9.002529644268774,9.842598814229248,914.677628458498,84.70553359683794,56.05731225296443,78.34181818181818
