City_long,City_lat,city,pm1.0_atm,pm2.5_atm,pm10.0_atm,pressure,temperature,humidity,voc
-53.05499999999999,-26.081111000000003,Francisco Beltrao,,,,945.5049027777778,74.38472222222222,70.6875,146.4611111111111
-52.465278000000005,-23.073056,Paranavai,3332.014931237721,3332.014931237721,3332.014931237721,,,,
