City_long,City_lat,city,pm1.0_atm,pm2.5_atm,pm10.0_atm,pressure,temperature,humidity,voc
-53.05499999999999,-26.081111,Francisco Beltrao,,,,938.1469553072624,84.68435754189944,63.41620111731844,85.46984572230014
-54.58805600000001,-25.547778,Foz do Iguacu,3.290403337969402,4.267176634214187,4.806954102920723,987.3212100139082,89.57162726008345,55.61474269819193,119.01534170153415
-54.056666999999976,-24.556111,Marechal Candido Rondon,3288.64826147427,3288.64826147427,3288.64826147427,961.4596244784424,88.24756606397774,53.06258692628651,86.4394993045897
-52.46527800000001,-23.073056,Paranavai,3332.0922924901183,3332.0922924901183,3332.0922924901183,,,,
