City_long,City_lat,city,pm1.0_atm,pm2.5_atm,pm10.0_atm,pressure,temperature,humidity,voc
-49.273056,-25.427778,Curitiba,8.653516642547034,10.206107091172212,11.452793053545587,908.2572069464544,80.71345875542691,57.37481910274964,81.15515239477504
-50.382778,-25.874167000000003,Sao Mateus do Sul,9.80904861111111,12.062211805555556,13.25957986111111,924.5807708333332,80.88402777777777,50.30902777777778,93.50761111111112
-53.055,-26.081111,Francisco Beltrao,3333.194356617647,3333.194356617647,3333.194356617647,940.4611029411764,77.43382352941177,66.52022058823529,149.06355432780848
-54.09388899999999,-25.295278000000003,Medianeira,2.3844895104895105,2.9781538461538464,3.6593776223776224,963.0943496503496,84.52867132867132,53.72587412587413,175.3107272727273
-54.58805600000001,-25.547778,Foz do Iguacu,3.000263888888889,4.033013888888889,4.757916666666667,990.1991388888888,85.51944444444445,53.725,103.59688888888888
-54.05666699999999,-24.556111,Marechal Candido Rondon,1668.697677824268,1669.1546373779638,1669.5066736401675,964.4056903765688,84.22733612273362,54.47977684797768,94.37357043235706
-52.465278,-23.07305600000001,Paranavai,3331.9979835390945,3331.9979835390945,3331.9979835390945,,,,
-50.16194400000001,-25.094999999999995,Ponta Grossa,9.443400556328234,11.834137691237832,12.907232267037552,910.9016411682892,79.2865090403338,58.14881780250348,88.1057719054242
