City_long,City_lat,city,pm1.0_atm,pm2.5_atm,pm10.0_atm,pressure,temperature,humidity,voc
-50.382778,-25.874167000000003,Sao Mateus do Sul,6.238704861111111,7.56384375,8.277694444444446,934.5561319444444,72.15069444444444,48.88819444444445,81.3094375
-53.05499999999999,-26.081111000000003,Francisco Beltrao,3332.804833333333,3332.804833333333,3332.804833333333,950.9828055555556,73.0875,44.88333333333333,81.54922222222221
-54.093889,-25.295278000000003,Medianeira,1.6084148044692737,2.124930167597765,2.4172416201117315,973.7791759776536,76.82262569832402,43.900837988826815,90.52703496503496
-54.58805600000001,-25.547778,Foz do Iguacu,8.105938803894297,11.919749652294856,13.426300417246177,1002.1037969401946,76.94436717663422,45.81223922114047,103.28600834492347
-54.056667,-24.556110999999994,Marechal Candido Rondon,1461.7251666666666,1461.8902291666664,1462.214076388889,973.8168888888888,81.65277777777777,36.34305555555556,85.91540277777777
-50.161944,-25.094999999999995,Ponta Grossa,6.629027777777777,8.535145833333333,9.491888888888887,919.090875,72.79305555555555,50.202777777777776,81.96645833333334
