City_long,City_lat,city,pm1.0_atm,pm2.5_atm,pm10.0_atm,pressure,temperature,humidity,voc
-53.05499999999999,-26.081111,Francisco Beltrao,,,,947.9745207439198,66.55221745350501,64.11158798283262,97.205499276411
-54.58805600000001,-25.547778,Foz do Iguacu,3.599444444444445,5.294861111111112,6.182083333333333,998.6627638888888,73.37222222222222,57.577777777777776,127.46036161335188
-52.465278000000005,-23.073056000000005,Paranavai,3332.40831643002,3332.40831643002,3332.40831643002,,,,
