City_long,City_lat,city,pm1.0_atm,pm2.5_atm,pm10.0_atm,pressure,temperature,humidity,voc
-53.05499999999999,-26.081111000000003,Francisco Beltrao,,,,943.6124305555556,82.39166666666667,61.326388888888886,77.23333333333333
-54.58805600000001,-25.547778,Foz do Iguacu,2.1216666666666666,2.9461111111111107,3.37,992.8389027777778,87.85277777777777,56.59722222222222,94.7563025210084
-54.056667,-24.556110999999994,Marechal Candido Rondon,3332.085833333333,3332.085833333333,3332.085833333333,967.0260972222222,81.78194444444445,66.32916666666667,80.81284916201118
