City_long,City_lat,city,pm1.0_atm,pm2.5_atm,pm10.0_atm,pressure,temperature,humidity,voc
-49.273056,-25.427778,Curitiba,8.226651198616906,10.577659611149745,11.40091097782414,910.5535895823676,78.49408225158399,67.11707618606088,91.17365277777778
-50.382778,-25.874167000000003,Sao Mateus do Sul,6.548211805555557,8.119739583333335,8.720541666666666,925.6422638888888,85.93958333333333,52.04444444444445,68.86363194444445
-53.05499999999999,-26.081111,Francisco Beltrao,4.829342657342657,5.9911888111888105,6.733608391608392,941.9793706293706,87.43216783216783,55.68811188811189,123.28057342657344
-54.09388899999999,-25.295278,Medianeira,6.77067454798331,8.347948539638386,8.93019471488178,964.475799721836,91.55354659248955,50.70792767732962,115.47052851182195
-54.58805600000001,-25.547778,Foz do Iguacu,24.59782336578581,25.67721835883171,26.75901947148818,991.6058553546592,91.8038942976356,50.158553546592486,83.39955493741307
-54.05666699999999,-24.556110999999994,Marechal Candido Rondon,507.4858391250279,508.2067374175609,508.70560967192034,964.7774838754752,93.05921361502348,45.00683964900514,94.5730568181818
-52.383056,-24.045556,Campo Mourao,1.2909109874826148,1.6647844228094577,2.288685674547984,944.3671766342142,91.15020862308762,44.60917941585535,72.97663421418638
-50.161944,-25.094999999999995,Ponta Grossa,8.519902777777778,10.498236111111112,11.0760625,911.1172638888888,86.33055555555555,54.80833333333333,96.97341666666668
