City_long,City_lat,city,pm1.0_atm,pm2.5_atm,pm10.0_atm,pressure,temperature,humidity,voc
-49.273056,-25.427778,Curitiba,3.2197443181818186,4.154545454545455,4.761363636363637,912.2589204545455,57.52698863636363,55.875,106.48011363636364
-50.382778,-25.874167,Sao Mateus do Sul,4.503569715258434,5.2679400727329,6.011337240792325,930.8836956437636,60.35662527081399,45.01237233054782,90.05680710306407
-53.05499999999999,-26.081111,Francisco Beltrao,3692.443157894737,3692.443157894737,3692.443157894737,950.7605864661656,56.61052631578947,54.26015037593985,106.97142857142858
-54.093889,-25.295278,Medianeira,1.1880112834978842,1.595627644569817,1.8937940761636105,975.4364033850494,60.38645980253879,51.90267983074753,115.44992947813822
-54.58805600000001,-25.547778,Foz do Iguacu,1.7215277777777778,2.6127777777777776,3.166388888888889,1004.7035277777778,62.63472222222222,49.30972222222222,94.0513888888889
-54.056667,-24.556110999999994,Marechal Candido Rondon,3198.299583333333,3198.336805555556,3198.548333333333,975.9840416666668,63.45,43.852777777777774,88.20138888888889
-52.465278,-23.07305600000001,Paranavai,3622.245979899497,3622.245979899497,3622.245979899497,,,,
-50.161944,-25.094999999999995,Ponta Grossa,1.4554166666666666,2.022083333333333,2.3016666666666663,915.657847222222,61.138888888888886,48.775,101.25694444444444
