City_long,City_lat,city,pm1.0_atm,pm2.5_atm,pm10.0_atm,pressure,temperature,humidity,voc
-49.273056,-25.427778,Curitiba,4.241047047970481,5.19059963099631,5.547836715867159,908.0999354243544,78.58394833948338,59.98523985239852,80.67053505535056
-50.382778000000016,-25.874167,Sao Mateus do Sul,8.695621449494842,11.31502396924258,12.514766004379696,923.5374436185114,81.38502406700368,55.46784904265228,76.63191940575476
-53.05499999999999,-26.081111,Francisco Beltrao,6.847029520295203,8.593671586715868,9.484833948339483,939.4971955719556,87.00184501845018,55.974169741697416,98.5550184501845
-54.093889,-25.295278,Medianeira,4.7636439114391145,5.950719557195572,6.639169741697416,962.116143911439,92.3450184501845,49.15867158671587,99.6611623616236
-54.58805600000001,-25.547778,Foz do Iguacu,6.283398148148148,7.5861018518518515,8.375231481481482,988.9671296296297,92.7611111111111,48.227777777777774,81.60924074074073
-54.05666699999999,-24.556111,Marechal Candido Rondon,3.522841328413284,3.923796125461254,4.354677121771218,962.4247509225092,92.61715867158672,47.672509225092256,98.07178044280442
-52.383056,-24.045556,Campo Mourao,2.05646241629083,2.396773643569769,2.8100788916222497,944.1703393808938,89.7605917725844,45.6430094300943,76.28507506491732
-50.16194399999999,-25.095,Ponta Grossa,4.487684501845018,5.5231180811808125,5.91689114391144,909.215664206642,80.35608856088561,59.0,81.59520295202952
-51.162778,-23.310278000000004,Londrina,0.8483783783783784,1.0980405405405405,1.4111486486486486,949.3449999999998,91.5945945945946,43.87837837837838,112.19791666666669
