City_long,City_lat,city,pm1.0_atm,pm2.5_atm,pm10.0_atm,pressure,temperature,humidity,voc
-49.273056,-25.427778,Curitiba,9.632489451476795,11.935583684950773,14.070042194092828,912.8910267229256,77.71026722925457,58.38677918424754,91.04078762306612
-50.38277800000001,-25.874167,Sao Mateus do Sul,8.281062352245863,10.35088061465721,11.643834219858157,929.69782535461,78.85632387706856,57.0559988179669,88.2316341607565
-53.05499999999999,-26.081111000000003,Francisco Beltrao,3331.2476595744683,3331.2476595744683,3331.2476595744683,946.6363687943262,79.54468085106383,60.49787234042553,126.5872340425532
-54.093889,-25.295278000000003,Medianeira,4.3133333333333335,5.495555555555555,6.5119444444444445,969.1291944444444,86.40277777777777,52.46388888888889,126.94583333333334
-54.58805600000001,-25.547778,Foz do Iguacu,6.342976356050071,8.162726008344924,9.202920723226704,996.4873574408902,84.31849791376912,59.26981919332406,122.28511821974963
-54.05666699999999,-24.556111,Marechal Candido Rondon,1668.3853556485356,1668.8461645746163,1669.2506276150627,969.9884518828452,85.01952580195258,51.74616457461646,81.89818688981869
-52.465278000000005,-23.073056000000005,Paranavai,3331.9440545808966,3331.9440545808966,3331.9440545808966,,,,
-50.16194400000001,-25.094999999999995,Ponta Grossa,7.769123783031989,9.62489568845619,10.575938803894298,915.4226564673156,78.52851182197496,55.5076495132128,106.69262865090404
