City_long,City_lat,city,pm1.0_atm,pm2.5_atm,pm10.0_atm,pressure,temperature,humidity,voc
-49.273056,-25.427778,Curitiba,9.52332627118644,12.25977754237288,13.118940677966105,911.4897033898304,70.80084745762713,72.0,77.12974576271188
-48.99111100000001,-24.65722199999999,Adrianopolis,7.444322033898306,9.353813559322036,10.92809322033898,991.36906779661,77.86016949152543,70.54237288135593,
-50.382778000000016,-25.874167,Sao Mateus do Sul,7.113097466566545,8.927300963670172,10.217099915969392,927.6160068476006,73.78479224772938,61.17125259243368,65.56491310877495
-53.05499999999999,-26.081111000000003,Francisco Beltrao,10.011856540084388,10.79464135021097,11.171898734177214,944.1955696202532,74.64978902953587,65.0253164556962,167.43029535864977
-54.093889,-25.295278,Medianeira,9.624364406779662,11.539427966101696,12.371631355932204,966.0766101694916,82.36864406779661,55.11864406779661,270.806906779661
-54.588056000000016,-25.547778,Foz do Iguacu,8.907510548523206,11.051181434599156,12.405569620253164,993.7173839662448,84.81856540084388,48.77637130801688,136.7817299578059
-52.46527800000002,-23.073056,Paranavai,3331.764181818182,3331.764181818182,3331.764181818182,,,,
-50.16194399999999,-25.095000000000002,Ponta Grossa,19.11623931623932,25.826559829059832,28.547692307692312,912.4000427350427,74.18376068376068,63.82051282051282,104.81047008547009
