City_long,City_lat,city,pm1.0_atm,pm2.5_atm,pm10.0_atm,pressure,temperature,humidity,voc
-49.273056,-25.427778,Curitiba,8.634782608695653,10.279242636746144,11.311921458625523,910.443842917251,73.92987377279103,62.08695652173913,98.66058906030857
-50.382778,-25.874167,Sao Mateus do Sul,6.852990264255912,8.88066759388039,9.676356050069542,924.913936022253,71.73574408901251,57.98470097357441,64.9499304589708
-54.093889,-25.295278,Medianeira,6.266852367688023,7.685793871866295,8.507660167130918,969.4947353760446,70.40807799442896,63.42618384401114,176.8481894150418
-54.58805600000001,-25.547778,Foz do Iguacu,3.352638888888889,4.471111111111111,4.814861111111111,998.3988055555556,69.81388888888888,59.02222222222223,72.33055555555555
-50.161944,-25.094999999999995,Ponta Grossa,11.479861111111111,14.731666666666666,15.915555555555557,913.056625,74.15694444444445,60.958333333333336,108.28055555555555
