City_long,City_lat,city,pm1.0_atm,pm2.5_atm,pm10.0_atm,pressure,temperature,humidity,voc
-53.05500000000001,-26.081111,Francisco Beltrao,,,,947.0617,72.79,70.45,136.57
-52.465278000000005,-23.073056000000005,Paranavai,3331.9891666666663,3331.9891666666663,3331.9891666666663,,,,
