City_long,City_lat,city,pm1.0_atm,pm2.5_atm,pm10.0_atm,pressure,temperature,humidity,voc
-49.273056,-25.427778,Curitiba,0.2757322175732218,0.3704323570432357,0.4573221757322176,916.2763737796372,70.37517433751744,66.96931659693166,66.98465829846583
-50.382778,-25.874167000000003,Sao Mateus do Sul,4.401111111111112,5.3575,5.780000000000001,933.1213333333332,75.0736111111111,54.36527777777778,74.66597222222222
-53.05499999999999,-26.081111,Francisco Beltrao,3331.367332382311,3331.367332382311,3331.367332382311,948.039757489301,74.82310984308131,60.77175463623395,121.94293865905848
-54.09388899999999,-25.295278,Medianeira,5.243810848400557,6.250208623087621,6.95201668984701,969.7594993045898,84.06954102920723,48.08762169680112,125.26425591098749
-54.58805600000001,-25.547778,Foz do Iguacu,9.435,12.82875,14.846666666666668,997.2239027777778,83.62222222222222,52.60694444444445,118.62361111111112
-54.056667,-24.556110999999994,Marechal Candido Rondon,1668.897222222222,1669.3193055555555,1669.6138888888888,970.8065,82.57083333333334,49.48333333333333,93.67361111111111
-50.161944,-25.094999999999995,Ponta Grossa,0.5733333333333335,0.7631944444444443,0.8572222222222223,918.0739583333332,73.1625,59.60833333333333,65.14166666666667
