City_long,City_lat,city,pm1.0_atm,pm2.5_atm,pm10.0_atm,pressure,temperature,humidity,voc
-49.273056,-25.427778,Curitiba,12.086230876216968,16.23337969401947,18.2125173852573,915.695104311544,60.85535465924896,59.255910987482615,89.04867872044507
-50.382778,-25.874167,Sao Mateus do Sul,16.60722309148509,21.714558511049297,24.690875444289908,933.5853630331478,59.80030327615516,51.97139932004328,71.83612656467315
-53.05499999999999,-26.081111000000003,Francisco Beltrao,3579.487977369165,3579.487977369165,3579.487977369165,950.2689674681754,61.86704384724187,50.37623762376238,131.72842998585574
-54.093889,-25.295278000000003,Medianeira,12.12831241283124,15.225801952580197,16.329149232914922,973.1077963737796,69.43793584379358,55.45885634588564,96.38912133891212
-54.58805600000001,-25.547778,Foz do Iguacu,12.69111111111111,17.814999999999998,19.72958333333333,1001.871486111111,66.81944444444444,55.6,110.36944444444444
-54.056666999999976,-24.556111,Marechal Candido Rondon,3378.432684283728,3378.432684283728,3378.432684283728,973.4660083449236,75.42976356050069,44.013908205841446,94.6606397774687
-52.465278000000005,-23.073056000000005,Paranavai,3367.8137330754357,3367.8137330754357,3367.8137330754357,,,,
-50.161944,-25.094999999999995,Ponta Grossa,14.114166666666666,20.242083333333333,23.418194444444442,917.9167500000001,66.49861111111112,50.38472222222222,87.55277777777778
