City_long,City_lat,city,pm1.0_atm,pm2.5_atm,pm10.0_atm,pressure,temperature,humidity,voc
-53.055,-26.081111,Francisco Beltrao,,,,942.5288888888888,76.1068376068376,70.72364672364672,103.87874465049929
-54.58805600000001,-25.547777999999997,Foz do Iguacu,2.5672222222222225,3.4737500000000003,3.932638888888889,991.7118194444445,84.65972222222223,57.227777777777774,112.61958041958042
