City_long,City_lat,city,pm1.0_atm,pm2.5_atm,pm10.0_atm,pressure,temperature,humidity,voc
-49.273056,-25.427778,Curitiba,4.771527777777778,5.810277777777777,6.466944444444445,913.112125,68.51666666666667,67.70416666666667,71.89861111111111
-50.382778,-25.874167,Sao Mateus do Sul,10.171210013908206,14.05952712100139,16.268567454798333,926.8961057023644,68.73018080667593,61.307371349095966,77.38525730180807
-54.093889,-25.295278,Medianeira,7.544986072423398,8.879387186629526,9.654317548746516,966.4778412256268,79.69359331476323,60.27158774373259,132.2158774373259
-54.58805600000001,-25.547778,Foz do Iguacu,13.140277777777778,18.09708333333333,20.645972222222223,993.7672777777776,78.70277777777778,59.46111111111111,108.87916666666666
-50.161944,-25.094999999999995,Ponta Grossa,9.059861111111111,12.597222222222221,13.912916666666668,915.0167083333333,71.64583333333333,63.295833333333334,95.66111111111111
