City_long,City_lat,city,pm1.0_atm,pm2.5_atm,pm10.0_atm,pressure,temperature,humidity,voc
-53.05499999999999,-26.081111000000003,Francisco Beltrao,,,,948.2546805555556,72.53333333333333,45.64722222222223,81.88317107093185
-54.58805600000001,-25.547778,Foz do Iguacu,2.9184722222222224,4.788333333333334,6.1681944444444445,999.1494305555556,78.98333333333333,41.391666666666666,83.05446927374301
