City_long,City_lat,city,pm1.0_atm,pm2.5_atm,pm10.0_atm,pressure,temperature,humidity,voc
-49.273056,-25.427778,Curitiba,11.024028465346534,14.028087871287129,14.987920792079208,906.1122896039604,80.73267326732673,57.5470297029703,99.45611386138611
-50.382778000000016,-25.874167,Sao Mateus do Sul,12.16431311881188,15.9171349009901,17.62049504950495,921.7350371287127,83.13366336633663,46.83787128712871,74.86149752475247
-53.05499999999999,-26.081111000000003,Francisco Beltrao,2.4708457711442784,3.1457462686567164,3.6975124378109454,939.4714676616916,84.45771144278606,41.7636815920398,91.8958457711443
-54.093889,-25.295278,Medianeira,1.5300371287128711,2.0911014851485143,2.6375618811881187,962.616089108911,92.81188118811882,32.693069306930695,92.9188366336634
-54.58805600000001,-25.547778,Foz do Iguacu,3.26970297029703,4.296707920792079,5.083193069306931,990.0286386138616,90.86138613861388,34.54950495049505,64.7958910891089
-54.05666699999999,-24.556110999999994,Marechal Candido Rondon,3.366131080499354,4.177802141627206,4.869673643994834,963.6688156478692,90.10040895393888,35.741013775290575,114.89637038703869
-52.383056,-24.045556,Campo Mourao,5.632011138613862,6.435606435643565,7.0554269801980185,943.0762623762377,86.4641089108911,46.068069306930695,85.4556311881188
-50.161944,-25.095,Ponta Grossa,6.412660891089108,7.824715346534654,8.359220297029703,907.5114603960396,83.98019801980197,49.18564356435643,77.61740099009901
-51.162777999999996,-23.310277999999997,Londrina,5.3719230769230775,6.530576923076923,7.142884615384616,947.6376923076922,91.5576923076923,45.75,108.99040000000001
