City_long,City_lat,city,pm1.0_atm,pm2.5_atm,pm10.0_atm,pressure,temperature,humidity,voc
-53.05499999999999,-26.081111,Francisco Beltrao,,,,942.629442896936,71.10724233983287,73.00557103064067,75.60839160839161
-54.58805600000001,-25.547777999999997,Foz do Iguacu,3.5575,4.975555555555555,5.733750000000001,991.2154027777779,80.07638888888889,60.326388888888886,103.18523676880223
