City_long,City_lat,city,pm1.0_atm,pm2.5_atm,pm10.0_atm,pressure,temperature,humidity,voc
-49.273056,-25.427778,Curitiba,14.582687747035571,16.62328063241107,17.405750988142294,911.60395256917,74.34782608695652,72.23320158102767,89.0598418972332
-48.991111,-24.657222,Adrianopolis,17.718932806324112,20.81144268774704,23.0707114624506,992.4177470355733,81.67588932806323,67.40316205533597,
-50.382778000000016,-25.874167,Sao Mateus do Sul,7.73219246031746,9.155049603174602,9.71263888888889,927.9718849206348,79.00595238095238,62.257936507936506,68.98867063492062
-53.05499999999999,-26.081111,Francisco Beltrao,3330.7472332015814,3330.7472332015814,3330.7472332015814,943.4878656126482,76.55731225296442,66.58893280632411,188.12454545454543
-54.093889,-25.295278,Medianeira,5.996115537848606,7.038804780876494,7.968426294820716,965.3199601593624,82.62549800796813,59.22310756972112,172.7724701195219
-54.588056000000016,-25.547778,Foz do Iguacu,5.789801587301588,6.968571428571428,7.673492063492064,992.88,82.5079365079365,60.18253968253968,124.45984126984126
-52.46527800000002,-23.073056,Paranavai,3332.080281690141,3332.080281690141,3332.080281690141,,,,
-50.161944,-25.095,Ponta Grossa,6.700612648221345,8.118379446640315,8.507806324110673,913.2381027667984,73.28853754940711,71.66798418972331,111.35703557312252
