City_long,City_lat,city,pm1.0_atm,pm2.5_atm,pm10.0_atm,pressure,temperature,humidity,voc
-49.273056,-25.427778,Curitiba,1.4064067524115758,1.810064308681672,2.059019292604501,909.0967845659164,70.27331189710611,66.03858520900322,90.65909967845658
-50.38277800000001,-25.874167,Sao Mateus do Sul,5.352178170428413,7.056258832037794,7.875271985140325,924.7503504198794,76.99354311699393,52.14504833557061,86.29720491368278
-53.05500000000001,-26.081111,Francisco Beltrao,1.4675806451612907,2.156290322580645,2.8575483870967737,939.4214838709678,79.85161290322581,62.56774193548387,163.57125806451612
-54.093889,-25.295278,Medianeira,3.469951768488746,4.146929260450161,4.67200964630225,960.766848874598,90.07395498392285,42.82958199356913,175.46463022508038
-54.588056,-25.547778,Foz do Iguacu,5.627572347266882,6.856543408360128,7.783938906752413,987.7681993569132,91.0,45.01929260450161,102.65273311897106
-54.05666699999999,-24.556111,Marechal Candido Rondon,5.217419354838709,6.196032258064516,6.875016129032258,962.0103548387098,81.90322580645162,54.24193548387097,61.97764516129032
-52.383056,-24.045556,Campo Mourao,817.6278295819935,817.9634807073955,819.2337379421222,943.5617041800642,81.94533762057878,51.742765273311896,107.55974276527331
-50.161944000000005,-25.094999999999995,Ponta Grossa,0.2646784565916398,0.432749196141479,0.6738263665594856,909.7952090032152,73.15755627009646,57.562700964630224,98.30186495176848
-51.162778,-23.310278,Londrina,0.0609829059829059,0.2182051282051282,0.5529487179487179,949.117264957265,83.62393162393163,45.27350427350427,155.8582608695652
