City_long,City_lat,city,pm1.0_atm,pm2.5_atm,pm10.0_atm,pressure,temperature,humidity,voc
-49.273056,-25.427778,Curitiba,5.619094766619519,6.622347949080623,7.292644978783592,911.9843705799152,67.66478076379066,64.48373408769449,76.13881019830028
-50.382778,-25.874167000000003,Sao Mateus do Sul,9.563333333333333,12.056458333333332,13.154583333333331,928.6805416666666,70.02222222222221,54.80625,76.94999999999999
-53.05499999999999,-26.081111,Francisco Beltrao,3332.6108298171584,3332.6108298171584,3332.6108298171584,945.3860337552742,69.86919831223629,61.15049226441632,110.66666666666669
-54.093889,-25.295278,Medianeira,2.9700557103064065,3.704735376044568,4.055431754874652,969.0204735376044,73.974930362117,56.15877437325905,187.991643454039
-54.58805600000001,-25.547778,Foz do Iguacu,6.040277777777778,8.553611111111111,9.729722222222222,997.2081666666668,73.50138888888888,55.27361111111111,112.31111111111112
-54.056666999999976,-24.556111,Marechal Candido Rondon,3332.118636995828,3332.118636995828,3332.118636995828,969.9793324061196,77.17941585535466,52.9095966620306,86.73157162726008
-50.161944,-25.094999999999995,Ponta Grossa,5.5572443181818185,7.226988636363637,7.909232954545455,914.6054119318183,67.63494318181819,65.3153409090909,76.88193456614509
