City_long,City_lat,city,pm1.0_atm,pm2.5_atm,pm10.0_atm,pressure,temperature,humidity,voc
-53.05499999999999,-26.081111000000003,Francisco Beltrao,,,,939.0952083333334,79.33055555555555,66.54444444444445,67.0736111111111
-54.58805600000001,-25.547778,Foz do Iguacu,1.9038888888888887,2.604027777777778,2.981666666666667,988.2505,86.06805555555556,57.2,71.56223776223776
-54.056667,-24.556110999999994,Marechal Candido Rondon,3322.75736111111,3322.75736111111,3322.75736111111,962.4872361111112,82.10277777777777,63.18055555555556,75.60833333333333
