City_long,City_lat,city,pm1.0_atm,pm2.5_atm,pm10.0_atm,pressure,temperature,humidity,voc
-49.273056,-25.427778,Curitiba,6.036934027777778,7.512111111111111,8.047972222222223,910.5343680555555,80.91597222222222,65.33888888888889,101.85102777777776
-50.382778,-25.874167000000003,Sao Mateus do Sul,8.136975694444445,10.337375,11.468059027777777,926.1116180555556,83.47708333333333,58.16111111111111,79.26547916666667
-53.05499999999999,-26.081111000000003,Francisco Beltrao,2.778916666666667,3.6534166666666654,4.153263888888888,943.0395138888888,82.1986111111111,64.40555555555555,92.6992638888889
-54.093889,-25.295278000000003,Medianeira,4.327305555555555,5.406756944444444,6.087444444444444,965.2967638888888,87.91666666666667,56.105555555555554,141.97077777777776
-54.58805600000001,-25.547778,Foz do Iguacu,14.342097222222224,15.545215277777778,16.663923611111112,992.3239861111113,89.33055555555555,55.519444444444446,103.33956944444444
-54.056667,-24.556111,Marechal Candido Rondon,1662.911715593434,1663.3274589646464,1663.6284210858585,966.6867683080808,85.72537878787878,57.36988636363636,91.55890909090908
-52.383056,-24.045556,Campo Mourao,1.081676056338028,1.384781690140845,1.8716338028169013,945.4235492957746,89.44788732394366,50.53521126760563,68.43660084626235
-50.161944,-25.094999999999995,Ponta Grossa,9.000877437325906,12.016761838440113,13.109213091922005,911.846963788301,80.94289693593315,63.8941504178273,98.39267409470752
