City_long,City_lat,city,pm1.0_atm,pm2.5_atm,pm10.0_atm,pressure,temperature,humidity,voc
-49.273056,-25.427778,Curitiba,11.74611956521739,14.836239130434784,16.414565217391306,910.956695652174,77.17391304347825,69.68695652173912,120.27878260869564
-50.382778000000016,-25.874167,Sao Mateus do Sul,14.134485789572746,17.494458639186902,18.696726990400904,926.3424329004328,82.99811782420478,58.96116130246565,84.37498842461886
-53.05499999999999,-26.081111000000007,Francisco Beltrao,13.319272727272727,16.7225,17.845454545454544,942.7714545454544,77.3409090909091,60.29090909090909,171.97581818181817
-54.09388899999999,-25.295278000000003,Medianeira,8.54204347826087,10.379804347826084,11.375195652173913,964.4861304347826,90.15652173913044,48.88695652173913,266.5033478260869
-54.58805600000001,-25.547778,Foz do Iguacu,14.73845652173913,18.17767391304348,20.15228260869565,991.3017826086956,89.48695652173913,47.15217391304348,144.76382608695653
-54.056666999999976,-24.55611099999999,Marechal Candido Rondon,5.366760869565217,6.416608695652175,6.937304347826086,965.6552608695652,86.32173913043478,57.63478260869565,66.74686956521738
-52.383056,-24.045556,Campo Mourao,4.724413043478261,5.378065217391304,5.930586956521738,945.945608695652,82.31304347826087,63.665217391304346,77.87799999999997
-50.161944,-25.095,Ponta Grossa,7.358173913043478,9.319521739130431,10.064391304347826,912.296,77.90869565217392,69.37391304347825,119.6052608695652
