City_long,City_lat,city,pm1.0_atm,pm2.5_atm,pm10.0_atm,pressure,temperature,humidity,voc
-49.273056,-25.427778,Curitiba,0.2843575418994413,0.4001396648044693,0.5259776536312849,915.790558659218,67.62988826815642,68.51536312849161,67.27653631284916
-50.382778,-25.874167,Sao Mateus do Sul,5.317344981455726,6.463505930304435,7.013346275691548,932.5379184341678,73.59560152990264,56.61746638850255,85.23302619378767
-53.05499999999999,-26.081111000000003,Francisco Beltrao,3331.184985835694,3331.184985835694,3331.184985835694,947.732195467422,75.90509915014164,61.65014164305949,105.93484419263456
-54.093889,-25.295278,Medianeira,2.999164345403899,3.679108635097493,4.435793871866295,969.9866852367688,81.9025069637883,54.78412256267409,111.19220055710306
-54.58805600000001,-25.547778,Foz do Iguacu,5.637273991655077,7.442141863699583,8.294853963838664,997.6397913769124,82.15716272600835,55.60500695410292,106.29068150208624
-54.056666999999976,-24.556111,Marechal Candido Rondon,1667.853407510431,1668.174130737135,1668.4539638386648,970.6812378303198,81.64951321279555,51.25173852573018,90.21974965229484
-52.465278000000005,-23.073056000000005,Paranavai,3332.0893333333333,3332.0893333333333,3332.0893333333333,,,,
-50.161944,-25.094999999999995,Ponta Grossa,1.3172222222222223,1.772361111111111,1.996805555555556,917.5545138888888,71.08333333333333,62.35416666666666,69.72083333333333
