City_long,City_lat,city,pm1.0_atm,pm2.5_atm,pm10.0_atm,pressure,temperature,humidity,voc
-53.055,-26.081111,Francisco Beltrao,,,,944.7546984126984,79.58412698412698,48.03809523809524,88.362480127186
-54.58805600000001,-25.547778,Foz do Iguacu,2.2119444444444443,3.215138888888889,3.76875,995.1031805555556,82.27222222222223,47.14722222222223,91.025
-54.05666699999999,-24.556110999999994,Marechal Candido Rondon,3332.0121037463978,3332.0121037463978,3332.0121037463978,968.054265129683,85.21902017291066,43.138328530259365,129.72543352601156
-52.465278,-23.073056000000005,Paranavai,3332.1769123783033,3332.1769123783033,3332.1769123783033,,,,
