City_long,City_lat,city,pm1.0_atm,pm2.5_atm,pm10.0_atm,pressure,temperature,humidity,voc
-49.273056,-25.427778,Curitiba,0.4384439834024895,0.7089004149377595,1.267448132780083,912.924439834025,66.70954356846472,68.24896265560166,77.69734439834023
-50.382778000000016,-25.874167,Sao Mateus do Sul,1.52798755186722,2.085591286307054,2.6796473029045647,929.2008506224066,73.62448132780082,54.49170124481328,70.99479253112034
-53.05499999999998,-26.081111000000007,Francisco Beltrao,3332.048547717842,3332.048547717842,3332.048547717842,943.3835269709544,75.2655601659751,62.46058091286307,123.79609958506224
-54.093889,-25.295278,Medianeira,1.448402489626556,1.998547717842324,2.6636514522821577,965.1346887966804,83.23651452282158,49.58091286307054,119.36240663900412
-54.588056000000016,-25.547778,Foz do Iguacu,3.213512396694214,4.296074380165289,4.946983471074381,992.5678099173552,87.38429752066116,50.27272727272727,89.39219008264463
-54.056666999999976,-24.556110999999994,Marechal Candido Rondon,1666.7859543568463,1667.1491908713697,1667.3997302904563,966.7503734439832,80.40663900414938,54.56431535269709,63.95522821576765
-52.46527800000001,-23.073056,Paranavai,3331.903166666666,3331.903166666666,3331.903166666666,,,,
-50.16194399999999,-25.095000000000002,Ponta Grossa,0.7841286307053942,1.2578838174273859,1.9146058091286304,914.5607053941909,67.13692946058092,67.45643153526972,61.39398340248963
