City_long,City_lat,city,pm1.0_atm,pm2.5_atm,pm10.0_atm,pressure,temperature,humidity,voc
-49.273056,-25.427778,Curitiba,1.0672597517730495,1.4118413120567377,1.599043144208038,909.515730791962,69.96643026004728,68.14445921985816,95.18100709219856
-50.382778,-25.874167,Sao Mateus do Sul,1.4212192329238138,1.7998800562123318,2.1074435848400555,924.9501203446144,77.74538614588162,53.97513715036316,79.9469211675166
-53.055,-26.081111,Francisco Beltrao,0.7133657858136302,1.237816411682893,1.6627816411682892,939.3375938803894,84.72322670375522,53.78164116828929,132.75381084840055
-54.093889,-25.295278000000003,Medianeira,5.262645833333333,6.125909722222223,6.622555555555556,960.6896111111112,94.81805555555556,40.46527777777778,124.38259722222224
-54.58805600000001,-25.547778,Foz do Iguacu,5.804048611111111,6.868618055555556,7.508826388888888,987.5044305555556,95.48194444444444,38.175,91.528375
-54.056666999999976,-24.556111,Marechal Candido Rondon,5.542844228094576,6.476898470097357,7.047823365785814,961.552795549374,89.7134909596662,46.17385257301808,78.43792767732963
-52.383056,-24.045556000000005,Campo Mourao,642.5587986468435,643.0538751714005,643.9281392478192,942.9050100143006,85.8586041575531,48.24347010716576,87.00150327303828
-50.161944,-25.094999999999995,Ponta Grossa,1.486138888888889,1.9034166666666663,2.1660347222222223,909.704611111111,78.12777777777778,55.6375,81.52490277777778
-51.16277799999998,-23.310278000000007,Londrina,0.8535897435897436,1.1343589743589744,1.5014102564102565,948.9053846153846,82.12820512820512,55.02564102564103,155.83399999999995
