City_long,City_lat,city,pm1.0_atm,pm2.5_atm,pm10.0_atm,pressure,temperature,humidity,voc
-49.273056,-25.427778,Curitiba,4.804944589321589,6.438394867485705,7.191994127646423,914.7190612926904,74.33619707155,58.96149358677175,75.70931849791377
-48.99111099999999,-24.657222,Adrianopolis,4.665949008498584,5.677733711048159,6.658788951841359,994.9812747875354,82.41784702549575,52.446175637393765,
-50.382778,-25.874167000000003,Sao Mateus do Sul,6.067309027777778,7.437072916666667,8.343673611111111,930.1785277777776,79.6625,47.391666666666666,70.4053888888889
-53.055,-26.081111,Francisco Beltrao,75.0805702364395,75.61485396383866,76.4718776077886,945.3766898470096,82.82336578581364,44.77190542420028,136.7958692628651
-54.093889,-25.295278000000003,Medianeira,3.182298611111112,4.038569444444444,4.759277777777777,967.1482916666666,93.2,32.665277777777774,113.31465277777778
-54.58805600000001,-25.547778,Foz do Iguacu,9.06681502086231,11.60383866481224,13.286425591098748,994.1097218358832,92.92350486787204,36.89290681502087,110.41397774687064
-52.465278000000005,-23.073056000000005,Paranavai,2824.7679684418144,2824.890650887574,2825.152011834319,,,,
-50.161944,-25.094999999999995,Ponta Grossa,2.1592152777777778,2.926888888888889,3.6147569444444443,915.0638194444443,82.21527777777777,45.96805555555556,69.93883333333333
