City_long,City_lat,city,pm1.0_atm,pm2.5_atm,pm10.0_atm,pressure,temperature,humidity,voc
-49.273056,-25.427778,Curitiba,8.380474198047418,10.929149232914924,12.129428172942818,920.856290097629,56.87029288702929,66.22873082287309,91.9690576652602
-50.382778,-25.874167000000003,Sao Mateus do Sul,6.998888888888889,9.750694444444443,10.41972222222222,936.018652777778,59.770833333333336,55.895833333333336,63.23226703755216
-53.05499999999999,-26.081111000000003,Francisco Beltrao,3522.1737499999995,3522.1737499999995,3522.1737499999995,954.3539583333333,61.21388888888889,56.54166666666666,125.00278551532034
-54.093889,-25.295278000000003,Medianeira,10.061666666666667,12.396250000000002,13.109583333333331,977.2092638888888,69.12222222222222,52.24027777777778,148.8511821974965
-54.58805600000001,-25.547778,Foz do Iguacu,15.349166666666664,21.998472222222222,26.135,1006.0641111111112,64.95555555555555,51.16944444444445,141.23119777158774
-54.056667,-24.556110999999994,Marechal Candido Rondon,3400.49625,3400.49625,3400.49625,977.7643194444444,71.68333333333334,47.00833333333333,83.51532033426184
-50.161944,-25.094999999999995,Ponta Grossa,8.472841225626741,12.120891364902509,13.152367688022286,922.9654317548745,61.35933147632312,56.21866295264624,84.93165969316597
