City_long,City_lat,city,pm1.0_atm,pm2.5_atm,pm10.0_atm,pressure,temperature,humidity,voc
-53.05499999999999,-26.081111,Francisco Beltrao,,,,931.49893314367,78.16216216216216,69.96159317211949,79.15362731152204
-54.05666699999999,-24.556110999999994,Marechal Candido Rondon,3331.937988826816,3331.937988826816,3331.937988826816,956.1514525139664,83.57541899441341,58.29329608938548,68.7247191011236
-52.465278000000005,-23.073056,Paranavai,3332.2235756385066,3332.2235756385066,3332.2235756385066,,,,
