City_long,City_lat,city,pm1.0_atm,pm2.5_atm,pm10.0_atm,pressure,temperature,humidity,voc
-49.273056,-25.427778,Curitiba,2.954904831625183,3.7348462664714495,4.381259150805271,916.4795461200586,57.111273792093705,66.65739385065886,77.00292825768668
-50.382778,-25.874167000000003,Sao Mateus do Sul,11.590763888888889,15.13451388888889,17.59784722222222,934.1249652777776,59.3875,51.485416666666666,77.16180555555556
-53.05499999999999,-26.081111000000003,Francisco Beltrao,3555.0498583569406,3555.0498583569406,3555.0498583569406,949.4301274787534,58.64730878186969,53.36118980169972,111.38526912181302
-54.093889,-25.295278000000003,Medianeira,4.328472222222223,5.420833333333333,5.929722222222222,971.3628055555556,68.76388888888889,40.79861111111112,118.71666666666668
-54.58805600000001,-25.547778,Foz do Iguacu,5.222916666666667,7.164722222222223,7.945416666666667,999.5797777777778,70.00972222222222,43.727777777777774,85.15833333333333
-54.056667,-24.556110999999994,Marechal Candido Rondon,3420.065694444444,3420.065694444444,3420.065694444444,972.1864861111112,68.70972222222223,42.15416666666667,79.75277777777778
-52.46527800000001,-23.073056000000005,Paranavai,3440.4708171206225,3440.4708171206225,3440.4708171206225,,,,
-50.16194400000001,-25.094999999999995,Ponta Grossa,7.451043115438109,10.066898470097358,11.35924895688456,918.4959248956885,58.666203059805284,58.778859527121,80.67315716272601
