City_long,City_lat,city,pm1.0_atm,pm2.5_atm,pm10.0_atm,pressure,temperature,humidity,voc
-53.055,-26.081111,Francisco Beltrao,,,,936.0840330578512,78.94876033057851,62.70413223140496,87.86310517529215
-54.58805599999999,-25.547778000000005,Foz do Iguacu,15.796396396396398,22.17387387387387,25.883783783783784,985.1253153153154,87.1891891891892,56.68468468468468,270.3669724770642
-54.056667,-24.556110999999994,Marechal Candido Rondon,3331.650138888889,3331.650138888889,3331.650138888889,959.1876527777778,81.77083333333333,60.55694444444445,87.75279329608938
