City_long,City_lat,city,pm1.0_atm,pm2.5_atm,pm10.0_atm,pressure,temperature,humidity,voc
-49.273056,-25.427778,Curitiba,1.284055944055944,1.6292307692307693,1.744055944055944,917.864027972028,55.61678321678322,70.34265734265735,79.96503496503496
-50.38277800000001,-25.874167,Sao Mateus do Sul,5.725454545454546,7.599440559440558,8.346573426573427,933.125902097902,58.7006993006993,55.10489510489511,73.62078651685393
-53.055,-26.081111,Francisco Beltrao,3668.982197496523,3668.982197496523,3668.982197496523,953.9472600834494,56.21418636995828,42.24478442280946,79.5076495132128
-54.09388899999999,-25.295278000000003,Medianeira,2.3637762237762234,3.053286713286713,3.3609790209790207,978.0125454545454,56.85454545454545,48.76643356643357,113.13183730715288
-54.58805600000001,-25.547778,Foz do Iguacu,2.7710709318497915,4.045897079276774,4.623922114047288,1008.105354659249,57.8442280945758,43.30041724617524,78.93715083798882
-54.056667,-24.556110999999994,Marechal Candido Rondon,3600.8040277777777,3600.8040277777777,3600.8040277777777,978.162,59.15972222222222,46.56527777777778,87.49305555555556
-52.465278000000005,-23.073056000000005,Paranavai,3516.5788321167884,3516.5788321167884,3516.5788321167884,,,,
-50.161944,-25.094999999999995,Ponta Grossa,5.495170454545455,7.2112215909090915,8.085227272727273,920.0149715909091,58.27840909090909,65.73295454545455,94.1811697574893
