City_long,City_lat,city,pm1.0_atm,pm2.5_atm,pm10.0_atm,pressure,temperature,humidity,voc
-53.05499999999999,-26.081111000000003,Francisco Beltrao,,,,940.828645980254,91.3737658674189,43.69111424541608,69.23554301833569
-54.588056,-25.547778000000005,Foz do Iguacu,8.144565217391303,11.236956521739131,12.88695652173913,989.411304347826,91.65217391304348,50.380434782608695,154.96703296703296
-54.05666699999999,-24.556111,Marechal Candido Rondon,3310.266451612903,3310.266451612903,3310.266451612903,963.3051290322582,86.9,56.52903225806452,156.6440129449838
