City_long,City_lat,city,pm1.0_atm,pm2.5_atm,pm10.0_atm,pressure,temperature,humidity,voc
-53.055,-26.081111,Francisco Beltrao,,,,939.6599442119943,79.59135285913528,63.84797768479777,80.93723849372385
-54.58805600000001,-25.547777999999997,Foz do Iguacu,1.280806675938804,1.84019471488178,2.1783031988873436,989.291752433936,83.60917941585535,59.42280945757997,90.00139470013947
