City_long,City_lat,city,pm1.0_atm,pm2.5_atm,pm10.0_atm,pressure,temperature,humidity,voc
-53.05499999999999,-26.081111,Francisco Beltrao,,,,946.033267882188,80.09256661991584,41.96072931276297,99.65260196905768
-52.465278000000005,-23.073056000000005,Paranavai,3310.501771653543,3310.501771653543,3310.501771653543,,,,
