City_long,City_lat,city,pm1.0_atm,pm2.5_atm,pm10.0_atm,pressure,temperature,humidity,voc
-53.05499999999999,-26.081111,Francisco Beltrao,,,,939.6533001422476,85.20341394025604,43.469416785206256,80.27635327635328
-54.58805600000001,-25.547778,Foz do Iguacu,4.137830319888734,5.98164116828929,7.124895688456189,988.9673435326844,90.22809457579972,38.3518776077886,86.3444909344491
-54.056667,-24.556111,Marechal Candido Rondon,3331.8410714285715,3331.8410714285715,3331.8410714285715,962.8522857142858,82.70357142857142,42.10714285714285,55.94285714285714
-52.465278000000005,-23.073056000000005,Paranavai,3286.176078431373,3286.176078431373,3286.176078431373,,,,
