City_long,City_lat,city,pm1.0_atm,pm2.5_atm,pm10.0_atm,pressure,temperature,humidity,voc
-53.055,-26.081111,Francisco Beltrao,,,,939.111798561151,67.84172661870504,71.58273381294964,96.05395683453236
-54.588056,-25.547778,Foz do Iguacu,0.9179211469534048,1.4831541218637991,2.177060931899642,990.9451971326164,74.69534050179212,62.99283154121864,92.86281588447652
-54.05666699999999,-24.556111000000005,Marechal Candido Rondon,3332.047841726619,3332.047841726619,3332.047841726619,963.7579496402878,74.23741007194245,64.24460431654676,61.89208633093525
-52.465278,-23.073056000000005,Paranavai,3332.038144329897,3332.038144329897,3332.038144329897,,,,
