City_long,City_lat,city,pm1.0_atm,pm2.5_atm,pm10.0_atm,pressure,temperature,humidity,voc
-53.05499999999999,-26.081111000000003,Francisco Beltrao,,,,954.3539583333333,61.21388888888889,56.54166666666666,125.00278551532034
-54.056667,-24.556110999999994,Marechal Candido Rondon,3400.49625,3400.49625,3400.49625,977.7643194444444,71.68333333333334,47.00833333333333,83.51532033426184
