City_long,City_lat,city,pm1.0_atm,pm2.5_atm,pm10.0_atm,pressure,temperature,humidity,voc
-49.273056,-25.427778,Curitiba,11.121413194444443,14.435097222222222,15.586069444444444,913.9850694444444,84.94166666666666,56.37361111111112,113.60590277777776
-50.382778,-25.874167,Sao Mateus do Sul,14.654000024146193,18.343130046553853,19.851533886764024,929.2749303140936,89.92069425127492,44.63144993045897,75.88316981532994
-53.05499999999999,-26.081111,Francisco Beltrao,1.1513091922005572,1.849902506963788,2.1905153203342618,944.645,93.44568245125348,46.54178272980501,153.2756545961003
-54.093889,-25.295278000000003,Medianeira,4.7034084507042255,5.541323943661972,6.262823943661971,966.2195633802816,101.33521126760564,36.13098591549296,125.71559154929578
-54.58805600000001,-25.547778,Foz do Iguacu,7.690792767732963,9.339944367176637,10.559123783031987,992.6597218358831,101.65229485396384,37.11682892906815,96.7503755215577
-54.05666699999999,-24.556110999999994,Marechal Candido Rondon,6.654249999999999,7.505402777777776,8.14676388888889,966.8772430555556,103.34930555555556,33.76527777777778,107.7510844017094
-52.383056,-24.045556,Campo Mourao,6.576243055555556,7.567895833333334,8.775673611111111,947.3832638888888,91.65972222222224,43.78055555555556,73.24325
-50.161944,-25.094999999999995,Ponta Grossa,11.317319444444443,13.68992361111111,14.6315,914.5182777777776,93.50555555555556,44.47083333333333,107.60713888888888
