City_long,City_lat,city,pm1.0_atm,pm2.5_atm,pm10.0_atm,pressure,temperature,humidity,voc
-49.273056,-25.427778,Curitiba,4.288982638888888,5.301121527777777,5.732708333333333,914.2731805555557,80.92361111111111,60.43472222222222,78.23652777777778
-50.382778,-25.874167,Sao Mateus do Sul,6.258320584144645,7.46201321279555,8.242145340751044,929.640271210014,86.452016689847,50.92559109874826,65.41531988873434
-53.055,-26.081111,Francisco Beltrao,0.9237830319888736,1.356133518776078,1.6539638386648123,945.3166759388038,86.65507649513212,58.33936022253129,159.86528511821976
-54.093889,-25.295278000000003,Medianeira,1.8796666666666668,2.347465277777778,2.808666666666667,967.0436527777777,95.37916666666666,45.70972222222223,140.63745833333334
-54.58805600000001,-25.547778,Foz do Iguacu,3.630598052851184,4.612030598052852,5.447454798331016,993.9259248956884,96.4269819193324,43.890125173852574,107.32438108484008
-54.056667,-24.556111,Marechal Candido Rondon,5.641694444444444,6.4907916666666665,7.060208333333334,968.4108472222224,93.42688492063492,46.91855158730159,105.23261931818185
-52.383056,-24.045556,Campo Mourao,2.4932222222222222,2.9045625,3.419055555555556,947.8372638888889,86.61944444444444,53.96527777777778,82.30643055555556
-50.161944,-25.094999999999995,Ponta Grossa,4.617138888888889,5.805284722222223,6.535875,914.6917916666666,89.69444444444444,48.61944444444445,101.76711111111112
