City_long,City_lat,city,pm1.0_atm,pm2.5_atm,pm10.0_atm,pressure,temperature,humidity,voc
-53.05499999999999,-26.081111000000003,Francisco Beltrao,,,,941.3819546742208,71.89943342776203,77.70254957507082,101.92482269503546
-54.58805600000001,-25.547778,Foz do Iguacu,2.0391666666666666,3.095138888888889,3.674444444444445,990.332027777778,79.67361111111111,64.73333333333333,114.24233983286908
-52.46527800000001,-23.073056,Paranavai,3278.543280632411,3278.543280632411,3278.543280632411,,,,
