City_long,City_lat,city,pm1.0_atm,pm2.5_atm,pm10.0_atm,pressure,temperature,humidity,voc
-49.273056,-25.427778,Curitiba,4.311404728789986,5.074547983310153,5.657858136300417,903.950152990264,65.84005563282336,68.36439499304589,91.4269819193324
-50.382778,-25.874167,Sao Mateus do Sul,141.28341186939028,143.12281588517487,144.4495332327453,921.2874866914268,68.50951524295883,55.99933070256886,76.28494080779944
-53.055,-26.081111,Francisco Beltrao,3459.496092619392,3459.496092619392,3459.496092619392,941.224544138929,63.19536903039074,53.12011577424023,89.28654124457309
-54.093889,-25.295278000000003,Medianeira,0.6184722222222222,0.9173611111111112,1.2584722222222222,966.0516111111112,66.93888888888888,49.26111111111111,128.54583333333332
-54.588056,-25.547778000000005,Foz do Iguacu,1.181896551724138,2.051149425287357,2.710057471264368,999.18908045977,64.33908045977012,34.60057471264368,86.64080459770115
-54.05666699999998,-24.556110999999994,Marechal Candido Rondon,3387.8355153203343,3387.8355153203343,3387.8355153203343,966.3338161559888,68.63649025069638,49.16713091922006,89.99860724233983
-52.465278000000005,-23.073056000000005,Paranavai,3417.7786274509804,3417.7786274509804,3417.7786274509804,,,,
-50.161944,-25.094999999999995,Ponta Grossa,3.0544568245125348,3.8576601671309194,4.340111420612813,906.7909888579386,65.45961002785515,65.03899721448468,101.63649025069638
