City_long,City_lat,city,pm1.0_atm,pm2.5_atm,pm10.0_atm,pressure,temperature,humidity,voc
-53.054999999999986,-26.081110999999996,Francisco Beltrao,,,,949.3479247910865,71.991643454039,54.02924791086351,135.09610027855155
