City_long,City_lat,city,pm1.0_atm,pm2.5_atm,pm10.0_atm,pressure,temperature,humidity,voc
-53.05499999999999,-26.081111000000003,Francisco Beltrao,,,,947.3048611111112,66.28472222222223,71.71388888888889,118.3125
-52.46527800000001,-23.073056,Paranavai,3332.2612648221343,3332.2612648221343,3332.2612648221343,,,,
