City_long,City_lat,city,pm1.0_atm,pm2.5_atm,pm10.0_atm,pressure,temperature,humidity,voc
-49.273056,-25.427778,Curitiba,10.69480694980695,12.729594594594596,13.415250965250966,910.4048648648647,76.1891891891892,70.46332046332046,99.25899613899612
-48.991111,-24.657222,Adrianopolis,12.237681992337164,14.7111877394636,16.318409961685823,991.1591187739464,78.96551724137932,72.16091954022988,
-50.38277800000001,-25.874167,Sao Mateus do Sul,3.454230769230769,4.269605769230769,4.757192307692307,927.24475,79.3,57.04230769230769,69.71434615384615
-53.05499999999999,-26.081111000000003,Francisco Beltrao,3331.348565891473,3331.348565891473,3331.348565891473,943.017558139535,80.07751937984496,60.00387596899225,148.91031007751937
-54.093889,-25.295278000000003,Medianeira,4.265383141762452,4.974923371647511,5.466302681992338,964.768429118774,89.74329501915709,49.13793103448276,137.913754789272
-54.588056000000016,-25.547778,Foz do Iguacu,7.807653846153847,9.674576923076923,10.756192307692306,991.6397692307692,89.71923076923076,51.06923076923077,113.24384615384616
-52.46527800000002,-23.073056,Paranavai,3331.552405063291,3331.552405063291,3331.552405063291,,,,
-50.161944,-25.095,Ponta Grossa,6.148754789272031,7.497260536398468,7.983352490421455,912.5296168582375,77.61685823754789,64.95019157088123,80.47597701149424
