City_long,City_lat,city,pm1.0_atm,pm2.5_atm,pm10.0_atm,pressure,temperature,humidity,voc
-53.05499999999999,-26.081111,Francisco Beltrao,,,,942.4079108635098,83.70473537604457,57.44707520891365,69.43314763231197
-54.58805600000001,-25.547778000000005,Foz do Iguacu,8.565811965811966,11.392022792022791,12.72891737891738,992.2317948717948,89.66666666666667,51.18945868945869,112.75641025641026
-52.46527800000001,-23.073056000000005,Paranavai,3332.3186878727633,3332.3186878727633,3332.3186878727633,,,,
