City_long,City_lat,city,pm1.0_atm,pm2.5_atm,pm10.0_atm,pressure,temperature,humidity,voc
-49.273056,-25.427778,Curitiba,0.5303296703296703,0.6795604395604395,0.746813186813187,917.4267252747252,56.92307692307692,70.35384615384615,80.34065934065934
-50.38277800000001,-25.874167,Sao Mateus do Sul,4.052723311546841,5.27843137254902,5.810893246187363,932.9130936819172,58.62091503267974,54.26797385620915,76.70678336980306
-54.093889,-25.295278,Medianeira,2.540350877192983,3.205263157894737,3.5260964912280706,978.3137280701756,53.89473684210526,53.05921052631579,103.64912280701756
-54.588056000000016,-25.547778,Foz do Iguacu,2.8648471615720523,4.0882096069869,4.605021834061136,1008.6508296943232,55.17903930131004,47.00655021834061,82.92763157894737
-50.161943999999984,-25.095,Ponta Grossa,4.329119638826185,5.543115124153499,6.151241534988713,919.813927765237,57.839729119638825,65.92776523702031,92.36199095022624
-53.055,-26.081111,,,,,952.835,69.5,19.875,58.875
