City_long,City_lat,city,pm1.0_atm,pm2.5_atm,pm10.0_atm,pressure,temperature,humidity,voc
-53.05499999999999,-26.081111000000003,Francisco Beltrao,,,,945.6891133004924,79.81773399014779,62.53694581280788,109.96296296296296
-52.465278,-23.073056000000012,Paranavai,3293.803139013453,3293.803139013453,3293.803139013453,,,,
