City_long,City_lat,city,pm1.0_atm,pm2.5_atm,pm10.0_atm,pressure,temperature,humidity,voc
-49.27305599999999,-25.427778,Curitiba,0.0451443569553805,0.1005249343832021,0.3637795275590552,916.6467191601048,62.60367454068241,66.51706036745406,71.81102362204724
-50.382778000000016,-25.874167,Sao Mateus do Sul,7.767114093959732,10.054026845637583,11.245190156599552,934.0790492170022,62.28970917225951,52.7751677852349,72.23601789709173
-53.05499999999999,-26.081111000000007,Francisco Beltrao,3487.7318807339448,3487.7318807339448,3487.7318807339448,948.4340596330276,60.5711009174312,56.70412844036697,112.01605504587155
-54.093889,-25.295278,Medianeira,2.3539149888143176,3.057046979865772,3.558165548098434,970.1114988814315,68.91722595078299,46.31543624161074,138.15659955257271
-54.58805600000001,-25.547778,Foz do Iguacu,2.297091722595079,3.355704697986577,3.9366890380313193,998.089865771812,70.88590604026845,44.3847874720358,78.09843400447427
-54.056666999999976,-24.55611099999999,Marechal Candido Rondon,3430.2856823266225,3430.2856823266225,3430.2856823266225,970.7645413870246,66.05145413870247,49.66442953020134,67.68232662192393
-52.465278,-23.07305600000001,Paranavai,3422.3382716049387,3422.3382716049387,3422.3382716049387,,,,
-50.161944,-25.095,Ponta Grossa,0.030269058295964126,0.1047085201793722,0.3273542600896861,918.5412556053813,64.347533632287,56.29596412556054,62.79596412556054
