City_long,City_lat,city,pm1.0_atm,pm2.5_atm,pm10.0_atm,pressure,temperature,humidity,voc
-53.055,-26.081111,Francisco Beltrao,,,,942.3460222531294,90.72739916550763,55.32962447844229,72.21037868162693
-54.58805600000001,-25.547778,Foz do Iguacu,1.5741307371349098,2.2568845618915163,2.7577190542420023,990.8210709318496,96.00139082058416,47.888734353268426,78.37935843793585
-54.056666999999976,-24.556110999999998,Marechal Candido Rondon,3279.395271210014,3279.395271210014,3279.395271210014,965.240264255911,91.68984700973574,51.00278164116829,80.2928870292887
