City_long,City_lat,city,pm1.0_atm,pm2.5_atm,pm10.0_atm,pressure,temperature,humidity,voc
-49.273056,-25.427778,Curitiba,0.7097499999999999,0.9749722222222224,1.320388888888889,916.9471388888888,69.92916666666666,64.7388888888889,75.60792767732963
-50.382778,-25.874167,Sao Mateus do Sul,3.87480471526812,4.855343769316953,5.425333116017617,933.8671393814712,76.06541299644569,50.19756896152063,75.53035287243085
-53.05499999999999,-26.081111000000003,Francisco Beltrao,3331.1272638888886,3331.1272638888886,3331.1272638888886,949.143138888889,76.83333333333333,53.06944444444444,137.9114861111111
-54.09388899999999,-25.295278,Medianeira,4.82981223922114,6.000820584144646,6.7963351877607785,970.9575938803896,83.99860917941585,47.962447844228095,157.79611961057023
-54.58805600000001,-25.547778,Foz do Iguacu,6.2985,8.556305555555555,9.890333333333333,998.2611944444444,85.31527777777778,47.87916666666667,114.71923611111112
-54.056666999999976,-24.556111,Marechal Candido Rondon,1667.8167663421418,1668.2457093184976,1668.5633240611965,971.7374965229484,83.4798331015299,46.475660639777466,91.74089012517386
-52.465278000000005,-23.073056000000005,Paranavai,3332.1403658536587,3332.1403658536587,3332.1403658536587,,,,
-50.16194400000001,-25.094999999999995,Ponta Grossa,1.1058692628650904,1.50836578581363,1.8255632823365784,918.6780111265648,75.58970792767732,53.01529902642559,72.16838664812241
