City_long,City_lat,city,pm1.0_atm,pm2.5_atm,pm10.0_atm,pressure,temperature,humidity,voc
-53.05499999999999,-26.081111,Francisco Beltrao,,,,936.3906872370266,71.03786816269285,72.80224403927069,75.47545582047685
-54.056666999999976,-24.556111,Marechal Candido Rondon,3332.1314949201737,3332.1314949201737,3332.1314949201737,958.7616400580551,74.89259796806967,67.26705370101597,92.18832116788322
-52.465278000000005,-23.073056,Paranavai,3331.4104125736735,3331.4104125736735,3331.411001964636,,,,
