City_long,City_lat,city,pm1.0_atm,pm2.5_atm,pm10.0_atm,pressure,temperature,humidity,voc
-53.05499999999999,-26.081111,Francisco Beltrao,,,,943.1119553072626,75.44832402234637,65.54888268156425,97.01408450704226
-52.465278000000005,-23.073056,Paranavai,3311.514928425358,3311.514928425358,3311.514928425358,,,,
