City_long,City_lat,city,pm1.0_atm,pm2.5_atm,pm10.0_atm,pressure,temperature,humidity,voc
-49.273056,-25.427778,Curitiba,9.34416343624265,11.579873201021355,12.430151945991955,905.8669866914267,81.18303156917364,57.48047624574436,101.37987465181058
-50.38277800000001,-25.874167,Sao Mateus do Sul,9.89310963356974,12.672633939125294,13.850899231678486,921.2682876773048,85.9729462174941,48.34233156028369,77.75638952020202
-53.05499999999999,-26.081111000000003,Francisco Beltrao,5.634263888888889,6.732125,7.224944444444443,938.6732916666668,88.58055555555555,47.90833333333333,110.68827777777776
-54.093889,-25.295278000000003,Medianeira,6.500041666666667,7.636541666666666,8.130715277777778,961.6045555555556,96.04583333333332,43.03055555555556,108.2498888888889
-54.58805600000001,-25.547778,Foz do Iguacu,7.038887343532684,8.59662726008345,9.572162726008346,988.4211961057024,94.35744089012518,43.17107093184979,89.30376912378304
-54.05666699999999,-24.556111,Marechal Candido Rondon,7.242288194444445,8.53261111111111,9.297690972222222,962.714125,92.44583333333333,47.013888888888886,115.21375036549706
-52.383056,-24.045556,Campo Mourao,10.401721951784888,11.04031906776387,11.769322699350951,942.7754312026734,91.274916937104,45.94845078040488,81.19643278666356
-50.16194400000001,-25.095,Ponta Grossa,6.401492329149234,7.61126220362622,8.056220362622035,907.308270571827,85.3347280334728,52.50348675034868,92.15195258019529
-51.16277799999999,-23.310278000000004,Londrina,2.3544444444444443,2.9145833333333333,3.3423611111111113,947.238888888889,87.44444444444444,49.75,127.59285714285714
