City_long,City_lat,city,pm1.0_atm,pm2.5_atm,pm10.0_atm,pressure,temperature,humidity,voc
-49.273056,-25.427778,Curitiba,1.8715353535353536,2.3824848484848484,2.9183838383838387,911.8499191919192,70.81010101010101,71.15353535353535,104.09955465587043
-50.382778,-25.874167,Sao Mateus do Sul,3.086300693279508,4.022904316192794,4.718127433451754,930.139973907586,76.28547076758574,52.21840725861127,93.4613482242824
-53.05499999999999,-26.081111000000003,Francisco Beltrao,3331.3186250000003,3331.3186250000003,3331.3186250000003,947.9072916666668,75.5375,53.46944444444444,108.5663888888889
-54.093889,-25.295278,Medianeira,1.4942330827067671,1.856827067669173,2.223593984962406,970.7293082706768,77.36992481203008,54.96992481203007,127.8375789473684
-54.58805600000001,-25.547778,Foz do Iguacu,1.865799721835883,2.569429763560501,2.966439499304589,999.3271349095966,78.3894297635605,52.75243393602225,88.25780250347705
-54.05666699999998,-24.556110999999994,Marechal Candido Rondon,1666.739721448468,1666.8820752089136,1666.9984331476323,970.8348328690806,83.34958217270194,45.82729805013928,82.66706128133707
-50.16194400000001,-25.094999999999995,Ponta Grossa,5.17346314325452,6.387447844228095,7.017976356050071,915.1078859527122,75.43254520166899,58.69123783031989,111.15344923504868
