City_long,City_lat,city,pm1.0_atm,pm2.5_atm,pm10.0_atm,pressure,temperature,humidity,voc
-49.273056,-25.427778,Curitiba,6.802849002849003,8.479202279202278,9.647293447293446,913.6128205128203,62.36752136752137,65.46296296296296,91.7051282051282
-50.382778,-25.874167000000003,Sao Mateus do Sul,17.11986111111111,22.68277777777778,25.83548611111111,931.4030486111112,65.00277777777777,53.93055555555556,77.95138888888889
-53.055,-26.081111,Francisco Beltrao,3455.4455988455984,3455.4455988455984,3455.4455988455984,948.3515295815296,65.45887445887446,54.63492063492063,130.4083694083694
-54.093889,-25.295278000000003,Medianeira,13.139295774647886,16.61577464788732,18.28774647887324,971.852028169014,66.34647887323943,57.27605633802817,102.26478873239436
-54.588056,-25.547778,Foz do Iguacu,15.46871657754011,21.88983957219252,25.794117647058822,1000.321898395722,68.21657754010695,54.67379679144385,117.55080213903744
-54.056667,-24.556111,Marechal Candido Rondon,3395.9572027972035,3395.9572027972035,3395.9572027972035,972.2713566433566,73.53986013986014,46.84055944055944,76.86713286713287
-52.465278000000005,-23.073056000000005,Paranavai,3373.037278106509,3373.037278106509,3373.037278106509,,,,
-50.16194400000001,-25.094999999999995,Ponta Grossa,12.02920723226704,16.247148817802504,18.05910987482615,915.9072739916551,67.7913769123783,55.229485396383865,112.37969401947149
