City_long,City_lat,city,pm1.0_atm,pm2.5_atm,pm10.0_atm,pressure,temperature,humidity,voc
-49.273056,-25.427778,Curitiba,5.339611111111111,6.061044444444444,6.443866666666666,911.086022222222,77.7911111111111,62.24666666666667,68.93853333333334
-50.38277800000001,-25.874167,Sao Mateus do Sul,11.208442454619815,13.562499182025444,14.28703571242103,927.418436781009,81.34374423501976,54.840183435145065,68.06148457160756
-53.05499999999999,-26.081111000000003,Francisco Beltrao,3331.6426396917145,3331.6426396917145,3331.6426396917145,942.9734489402696,82.4932562620424,57.66281310211946,102.19262042389212
-54.093889,-25.295278,Medianeira,7.046191806331471,8.076154562383614,8.505083798882682,964.9864059590316,88.43016759776536,53.11918063314712,90.21156424581004
-54.588056,-25.547778,Foz do Iguacu,7.397504655493481,9.328342644320298,10.483743016759778,991.9554934823092,89.32774674115456,51.78584729981378,84.34052141527002
-54.05666699999999,-24.556111,Marechal Candido Rondon,1670.750288640596,1671.4172905027935,1671.6558938547485,966.0684171322162,84.47113594040968,58.61266294227188,82.42947858472999
-50.161944,-25.095,Ponta Grossa,10.332160148975792,12.790204841713221,13.375288640595905,912.8214152700186,81.18249534450652,56.16201117318436,63.6629981378026
