City_long,City_lat,city,pm1.0_atm,pm2.5_atm,pm10.0_atm,pressure,temperature,humidity,voc
-49.273056,-25.427778,Curitiba,3.713479872881356,4.621933262711865,5.1719120762711865,914.4139724576272,80.41843220338984,58.24152542372882,91.0707627118644
-50.38277800000002,-25.874167,Sao Mateus do Sul,3.1532786016949155,3.976546610169492,4.798278601694915,929.7575105932204,87.38877118644066,46.14406779661017,81.11113347457628
-53.05499999999998,-26.081111000000003,Francisco Beltrao,1.1377446808510638,1.754127659574468,2.0781063829787234,944.582510638298,88.63191489361702,47.38510638297873,140.60478723404256
-54.093889,-25.295278,Medianeira,4.273121019108281,5.184129511677282,5.936295116772824,965.708025477707,100.07006369426752,35.29299363057325,136.12322717622084
-54.58805600000002,-25.547778,Foz do Iguacu,7.024555084745763,8.621313559322035,9.8923093220339,992.422627118644,99.02966101694916,39.16525423728814,89.00332627118642
-54.05666699999999,-24.556111,Marechal Candido Rondon,5.827208067940552,6.808216560509554,7.557133757961783,966.870593162552,95.81981186170133,38.89974739256435,85.16310720307231
-52.383056,-24.045556,Campo Mourao,5.690847457627118,6.642775423728814,7.660794491525424,947.157118644068,87.125,45.317796610169495,89.37970338983051
-52.46527800000001,-23.07305600000001,Paranavai,1451.330206185567,1451.679175257732,1451.9782130584194,,,,
-50.16194399999999,-25.095,Ponta Grossa,6.624076433121019,8.172823779193207,9.20891719745223,914.8452229299364,85.02123142250531,52.276008492569005,71.88573248407643
