City_long,City_lat,city,pm1.0_atm,pm2.5_atm,pm10.0_atm,pressure,temperature,humidity,voc
-53.055,-26.081111,Francisco Beltrao,,,,943.8558189655172,73.33477011494253,77.48419540229885,101.07215007215008
-54.58805600000001,-25.547778,Foz do Iguacu,2.1519444444444447,2.974861111111111,3.503888888888889,993.1686388888888,83.27777777777777,58.92083333333333,97.70013947001397
-52.465278000000005,-23.073056000000005,Paranavai,3332.0619607843137,3332.0619607843137,3332.0619607843137,,,,
