City_long,City_lat,city,pm1.0_atm,pm2.5_atm,pm10.0_atm,pressure,temperature,humidity,voc
-53.05499999999999,-26.081111000000003,Francisco Beltrao,,,,946.3463905325444,70.28205128205128,52.23668639053255,157.6449704142012
