City_long,City_lat,city,pm1.0_atm,pm2.5_atm,pm10.0_atm,pressure,temperature,humidity,voc
-49.273056,-25.427778,Curitiba,16.38885754583921,20.86276445698166,24.24132581100141,915.2065585331452,74.13681241184767,60.55289139633286,88.38559322033899
-50.382778,-25.874167,Sao Mateus do Sul,13.016644625806755,16.267161300026565,17.62819439452423,931.6118959599788,75.9428982200622,53.55725121501462,75.39518768253296
-53.05499999999999,-26.081111,Francisco Beltrao,3330.971008403361,3330.971008403361,3330.971008403361,946.919929971989,76.1218487394958,62.41316526610644,122.32913165266106
-54.09388899999999,-25.295278,Medianeira,5.765924895688456,6.9452016689847005,7.91404728789986,968.4296662030596,84.00556328233658,47.09457579972184,102.10709318497914
-54.58805600000001,-25.547778,Foz do Iguacu,11.289166666666665,15.522222222222222,18.09388888888889,995.4449305555556,85.60694444444445,48.44861111111111,88.88333333333334
-54.056666999999976,-24.556111,Marechal Candido Rondon,3308.383727399166,3308.383727399166,3308.383727399166,970.08421418637,82.59944367176634,49.14464534075104,83.2990264255911
-52.465278000000005,-23.07305600000001,Paranavai,3331.8783783783783,3331.8783783783783,3331.8783783783783,,,,
-50.16194400000001,-25.094999999999995,Ponta Grossa,13.921001390820585,18.726703755215578,20.274547983310153,917.4114325452017,73.59248956884562,58.62726008344924,87.27955493741307
