City_long,City_lat,city,pm1.0_atm,pm2.5_atm,pm10.0_atm,pressure,temperature,humidity,voc
-53.05499999999999,-26.081111000000007,Francisco Beltrao,,,,943.3679136690648,68.59232613908873,66.35731414868106,191.79759036144577
