City_long,City_lat,city,pm1.0_atm,pm2.5_atm,pm10.0_atm,pressure,temperature,humidity,voc
-49.273056,-25.427778,Curitiba,6.540034770514604,7.729742698191933,8.54595271210014,913.6487899860916,72.84561891515995,56.38386648122392,77.29013908205842
-50.382778,-25.874167,Sao Mateus do Sul,12.399323597589245,15.407233455030134,17.032627375985165,930.6348469421264,73.25524648431463,50.43723632359759,79.10512414039562
-53.05499999999999,-26.081111,Francisco Beltrao,3339.4542897327706,3339.4542897327706,3339.4542897327706,946.6048663853726,74.11392405063292,53.49507735583685,118.8899859353024
-54.09388899999999,-25.295278,Medianeira,8.680841446453407,10.590869262865091,11.845229485396386,968.6634631432546,82.9346314325452,43.73157162726008,129.59502086230876
-54.58805600000001,-25.547778,Foz do Iguacu,10.696333333333332,14.353277777777778,16.90025,996.2722083333332,81.62361111111112,45.50833333333333,110.51808333333334
-54.056667,-24.556110999999994,Marechal Candido Rondon,1568.8041458333337,1569.4998194444445,1570.0465625,969.2712777777778,82.53194444444445,42.775,103.34691666666666
-52.46527799999999,-23.07305600000001,Paranavai,3332.2397,3332.2397,3332.2397,,,,
-50.161944,-25.094999999999995,Ponta Grossa,11.039118055555557,16.860868055555557,19.475416666666664,915.6086388888888,75.72777777777777,51.14722222222223,80.2484861111111
