City_long,City_lat,city,pm1.0_atm,pm2.5_atm,pm10.0_atm,pressure,temperature,humidity,voc
-49.273056,-25.427778,Curitiba,2.258913963328632,2.8922637517630467,3.464555712270804,916.411622002821,69.9703808180536,63.48660084626234,80.54686882933709
-50.382778,-25.874167,Sao Mateus do Sul,4.523126212138773,5.646557443787668,6.344579436138154,933.152677522794,76.69066701437183,47.65857576108793,74.02220531023025
-53.05499999999999,-26.081111000000003,Francisco Beltrao,3331.0328333333327,3331.0328333333327,3331.0328333333327,948.977902777778,73.18333333333334,52.24722222222222,132.96898611111112
-54.093889,-25.295278000000003,Medianeira,3.5010308555399723,4.9795792426367465,5.736086956521739,970.8728751753156,82.32538569424965,38.40532959326788,113.89353436185137
-54.58805600000001,-25.547778,Foz do Iguacu,5.351472222222222,7.624388888888888,8.881263888888888,998.2948333333334,83.41111111111111,42.09027777777778,100.94536111111113
-54.056667,-24.556110999999994,Marechal Candido Rondon,1667.0581527777777,1667.3323749999995,1667.5706666666665,971.740375,82.12222222222222,40.86111111111112,90.22276388888888
-52.465278000000005,-23.073056000000005,Paranavai,3332.0476422764227,3332.0476422764227,3332.0476422764227,,,,
-50.16194400000001,-25.095,Ponta Grossa,3.0047210599721064,4.236178521617853,4.858730822873082,918.1820781032076,75.23430962343096,49.87587168758717,80.24909344490935
