City_long,City_lat,city,pm1.0_atm,pm2.5_atm,pm10.0_atm,pressure,temperature,humidity,voc
-53.05499999999999,-26.081111000000003,Francisco Beltrao,,,,950.1121111111112,65.19583333333334,53.50555555555555,123.72701949860723
-54.056667,-24.556110999999994,Marechal Candido Rondon,3333.5569444444445,3333.5569444444445,3333.5569444444445,973.2329305555556,77.54444444444445,37.36666666666667,78.74583333333334
