City_long,City_lat,city,pm1.0_atm,pm2.5_atm,pm10.0_atm,pressure,temperature,humidity,voc
-53.05499999999999,-26.081111,Francisco Beltrao,,,,941.0449573863636,89.36079545454545,44.484375,72.94176136363636
-54.58805600000001,-25.547777999999997,Foz do Iguacu,6.002777777777778,8.204583333333336,9.598333333333333,989.2891111111112,96.35,39.793055555555554,99.31988873435327
