City_long,City_lat,city,pm1.0_atm,pm2.5_atm,pm10.0_atm,pressure,temperature,humidity,voc
-53.05499999999999,-26.081111,Francisco Beltrao,,,,938.946893491124,74.27218934911242,56.06656804733728,86.39375928677563
-54.58805600000001,-25.547778,Foz do Iguacu,0.3446453407510431,0.5778859527121002,0.7449235048678721,990.9998887343532,78.25312934631432,49.94993045897079,75.15877437325905
-52.465278,-23.073056000000005,Paranavai,3332.279748603352,3332.279748603352,3332.279748603352,,,,
