City_long,City_lat,city,pm1.0_atm,pm2.5_atm,pm10.0_atm,pressure,temperature,humidity,voc
-53.05499999999999,-26.081111,Francisco Beltrao,,,,943.9683356643354,80.54685314685315,42.93846153846154,99.835904628331
-54.58805600000001,-25.547778,Foz do Iguacu,2.995972222222222,4.370833333333334,5.169305555555556,993.0169722222222,88.5111111111111,39.66388888888889,85.44367176634213
-54.056666999999976,-24.556110999999994,Marechal Candido Rondon,3327.900564174894,3327.900564174894,3327.900564174894,966.9051480959096,82.4654442877292,42.34696755994359,81.57588652482269
-52.465278000000005,-23.073056000000005,Paranavai,3300.2608267716537,3300.2608267716537,3300.2608267716537,,,,
