City_long,City_lat,city,pm1.0_atm,pm2.5_atm,pm10.0_atm,pressure,temperature,humidity,voc
-53.05499999999999,-26.081111,Francisco Beltrao,,,,943.7113231197771,82.25626740947075,47.63231197771588,113.76880222841226
-54.588056,-25.547778,,3.2,4.8,5.4,994.03,92.0,35.0,73.0
-52.465278000000005,-23.073056000000005,Paranavai,3295.2086614173227,3295.2086614173227,3295.2086614173227,,,,
