City_long,City_lat,city,pm1.0_atm,pm2.5_atm,pm10.0_atm,pressure,temperature,humidity,voc
-49.273056,-25.427778,Curitiba,3.8618324061196105,4.97931849791377,5.380455493741308,906.343150208623,75.99026425591099,72.29276773296245,95.00069637883009
-50.382778,-25.874167000000003,Sao Mateus do Sul,4.74303125,5.904958333333333,6.477118055555556,921.574875,83.49513888888889,53.415277777777774,70.12547222222223
-53.05499999999999,-26.081111,Francisco Beltrao,4.5693530239099855,5.685288326300984,6.2085935302391,937.022081575246,89.0886075949367,50.78621659634318,122.83554149085796
-54.09388899999999,-25.295278,Medianeira,4.211036161335188,5.060924895688455,5.691133518776078,958.9213769123784,95.87621696801112,41.74269819193324,157.5607371349096
-54.58805600000001,-25.547778,Foz do Iguacu,946.2360972222224,947.0077847222224,947.6831875,985.5756527777776,96.10694444444444,42.48611111111112,115.89893055555557
-54.05666699999999,-24.556110999999994,Marechal Candido Rondon,1618.7000109787496,1619.1523130620828,1619.4607505620827,959.6830751740644,91.71311829126776,45.162536263417465,84.65142688336243
-52.383056,-24.045556,Campo Mourao,3.9073125000000006,4.4807500000000005,5.141805555555555,940.1966111111112,85.09861111111111,55.513888888888886,84.47751388888888
-50.161944,-25.094999999999995,Ponta Grossa,4.861972222222222,6.297604166666666,6.820916666666666,907.06175,79.62916666666666,64.20138888888889,99.53498611111112
