City_long,City_lat,city,pm1.0_atm,pm2.5_atm,pm10.0_atm,pressure,temperature,humidity,voc
-49.273056,-25.427778,Curitiba,11.018975409836068,13.13940573770492,13.864262295081966,909.9018442622952,74.59016393442623,69.75819672131148,72.82368852459017
-50.382778,-25.874167,Sao Mateus do Sul,12.999617278851042,16.168243518047788,17.21882362099644,926.7748219369598,77.41183274021353,61.42449796644637,72.34673945094052
-53.055,-26.081111,Francisco Beltrao,3332.139748201439,3332.139748201439,3332.139748201439,943.1240647482014,78.96762589928058,67.60431654676259,149.8708273381295
-54.093889,-25.295278,Medianeira,6.555516014234875,7.632455516014234,8.096032028469752,965.8438790035588,84.08185053380782,60.604982206405694,165.98217081850535
-54.588056,-25.547778,Foz do Iguacu,8.237295373665482,10.624804270462636,11.881103202846974,993.1218505338078,86.4661921708185,58.33807829181495,103.4738078291815
-54.05666699999999,-24.556111,Marechal Candido Rondon,1668.4960320284697,1668.8985053380782,1669.063078291815,966.6137722419928,80.01423487544484,64.8540925266904,68.37704626334519
-50.161944,-25.095,Ponta Grossa,15.495749999999996,21.72428571428572,22.958125,912.1410714285716,75.61428571428571,67.08928571428571,101.33239285714284
