City_long,City_lat,city,pm1.0_atm,pm2.5_atm,pm10.0_atm,pressure,temperature,humidity,voc
-49.273056,-25.427778,Curitiba,15.384184100418407,20.347217573221755,22.95179916317992,912.8526778242676,72.85355648535565,75.85983263598327,131.12774058577403
-50.382778000000016,-25.874167,Sao Mateus do Sul,9.078138075313808,11.943744769874478,12.920261506276152,928.425920502092,80.67782426778243,59.5836820083682,80.18765690376569
-53.05499999999999,-26.081111000000007,Francisco Beltrao,4.076176470588234,5.081974789915966,5.531470588235293,944.1095798319328,77.3109243697479,67.56302521008404,200.5736554621849
-54.09388899999999,-25.295278000000003,Medianeira,0.7619327731092438,1.1308193277310925,1.491386554621849,965.4859663865544,91.2436974789916,45.3655462184874,147.33504201680674
-54.58805600000001,-25.547778,Foz do Iguacu,0.7132773109243697,1.0479411764705882,1.4123949579831931,992.3852521008404,92.61344537815124,43.52941176470589,101.77298319327733
-54.056666999999976,-24.55611099999999,Marechal Candido Rondon,1.8425941422594143,2.394309623430962,2.9233263598326364,967.0125941422594,82.64016736401673,61.18828451882845,59.701589958159
-52.383056,-24.045556,Campo Mourao,0.4390126050420169,0.659936974789916,1.0454201680672268,947.237731092437,82.29411764705883,58.00420168067227,78.56147058823528
-50.161944,-25.095,Ponta Grossa,6.3815062761506285,8.241066945606693,9.190711297071129,913.820711297071,76.06276150627615,68.89539748953975,131.8337238493724
-52.465278000000005,-23.073056000000005,Paranavai,1.2536241610738257,1.7920581655480985,2.403668903803132,,,,
