City_long,City_lat,city,pm1.0_atm,pm2.5_atm,pm10.0_atm,pressure,temperature,humidity,voc
-49.273056,-25.427778,Curitiba,3.1641953441295545,4.268162955465587,4.576189271255061,906.8991396761134,80.28137651821862,63.17004048582996,87.80133603238866
-50.382778000000016,-25.874167,Sao Mateus do Sul,6.862083942400078,8.259544493352276,8.78746806505654,922.4166245247228,84.71298379745588,52.70186661848881,70.41103659738363
-53.05499999999998,-26.08111100000001,Francisco Beltrao,5.08172131147541,6.250553278688524,6.8346106557377055,938.1079918032784,87.34631147540983,52.489754098360656,118.09075819672132
-54.093889,-25.295278,Medianeira,1.9238032454361047,2.43474645030426,2.906764705882353,959.771906693712,94.32048681541582,42.44421906693712,101.66436105476672
-54.588056000000016,-25.547778,Foz do Iguacu,1213.418154158215,1213.8513894523326,1214.238286004057,986.343164300203,95.95943204868152,42.14604462474645,91.74042596348885
-54.056666999999976,-24.556110999999994,Marechal Candido Rondon,1635.8897730284286,1636.183256801248,1636.4240478762988,961.0349488823427,91.00942338467183,44.81775000764472,81.92177953662838
-52.383056,-24.045556,Campo Mourao,1.6044016227180529,1.9210649087221097,2.3897261663286,941.0633671399594,87.58823529411765,50.2393509127789,75.05728194726166
-50.16194399999999,-25.09500000000001,Ponta Grossa,2.9996255060728747,3.8478846153846153,4.179929149797571,907.8561740890688,84.30971659919028,56.84817813765182,87.20678137651822
-51.162778,-23.310278,Londrina,0.3334,0.4782444444444444,0.6556666666666668,945.8827555555556,90.91111111111113,49.035555555555554,86.38526785714285
