City_long,City_lat,city,pm1.0_atm,pm2.5_atm,pm10.0_atm,pressure,temperature,humidity,voc
-49.273056,-25.427778,Curitiba,3.242301503634245,4.086216986628197,4.513020029961716,907.88854692615,69.95552211063641,66.91564251234533,104.4636802973978
-50.38277800000001,-25.874167,Sao Mateus do Sul,4.19169776119403,5.179673507462686,5.787014925373134,923.1847014925372,77.15858208955224,54.54850746268657,75.62490671641791
-53.05499999999999,-26.081111,Francisco Beltrao,0.7711538461538462,1.196576923076923,1.5783461538461536,938.2738461538462,79.1423076923077,61.011538461538464,155.23692307692306
-54.09388899999999,-25.295278,Medianeira,8.526226765799258,10.00135687732342,10.863866171003718,959.8372862453532,89.61710037174721,48.60966542750929,190.8983271375465
-54.588056000000016,-25.547778,Foz do Iguacu,10.24457249070632,12.485390334572491,13.663940520446095,986.8677695167286,89.65799256505576,49.30483271375465,98.8971747211896
-54.05666699999998,-24.556111,Marechal Candido Rondon,8.044572490706319,9.488513011152415,10.184869888475836,960.8640520446098,84.27137546468401,54.24163568773234,57.97446096654274
-52.38305600000001,-24.045556,Campo Mourao,796.852369402985,797.2188246268656,798.7636753731342,942.2097574626864,82.60074626865672,50.9365671641791,81.58430970149254
-50.161944,-25.095,Ponta Grossa,3.3939365671641792,3.906679104477611,4.283582089552239,908.363395522388,73.44029850746269,63.0634328358209,86.85033582089552
-51.162778,-23.310278,Londrina,0.4021875,0.5998958333333334,0.9857291666666667,947.7816666666668,85.25,44.416666666666664,144.78727272727272
