City_long,City_lat,city,pm1.0_atm,pm2.5_atm,pm10.0_atm,pressure,temperature,humidity,voc
-53.055,-26.081111,Francisco Beltrao,,,,951.9975243393604,65.54102920723227,53.85952712100139,134.1368715083799
-54.05666699999998,-24.556111,Marechal Candido Rondon,3348.8175516224187,3348.8175516224187,3348.8175516224187,975.2230530973452,77.21386430678466,40.39085545722714,82.66371681415929
