City_long,City_lat,city,pm1.0_atm,pm2.5_atm,pm10.0_atm,pressure,temperature,humidity,voc
-49.273056,-25.427778,Curitiba,2.2274271844660194,2.631990291262136,3.145388349514564,910.3666019417476,74.07281553398059,68.62135922330097,98.45121359223305
-48.99111100000001,-24.657221999999987,Adrianopolis,4.196286407766991,5.052111650485436,5.941966019417475,991.42786407767,79.62135922330097,64.1116504854369,
-50.38277800000001,-25.874167,Sao Mateus do Sul,6.340716019417475,7.311031553398058,7.895995145631067,927.0653398058251,79.80097087378641,59.963592233009706,70.64424757281553
-53.05499999999998,-26.081111,Francisco Beltrao,3332.0705000000003,3332.0705000000003,3332.0705000000003,943.27095,75.225,70.47,166.96555
-54.09388899999999,-25.295278000000003,Medianeira,0.0021116504854368,0.0127669902912621,0.1204368932038834,964.731990291262,78.91747572815534,63.55825242718446,150.84470873786407
-54.588056,-25.547778,Foz do Iguacu,0.5630582524271844,0.7940776699029125,1.03252427184466,991.7386893203884,83.92718446601941,56.713592233009706,98.35995145631068
-52.46527799999999,-23.073056,Paranavai,3333.0127999999995,3333.0127999999995,3333.0127999999995,,,,
-50.161944000000005,-25.094999999999995,Ponta Grossa,4.307621359223302,5.094587378640777,5.571917475728156,912.583349514563,75.4126213592233,65.80582524271844,82.89514563106796
