City_long,City_lat,city,pm1.0_atm,pm2.5_atm,pm10.0_atm,pressure,temperature,humidity,voc
-49.273056,-25.427778,Curitiba,5.153168073512128,6.744315498450689,7.376661034832781,907.003484747302,76.5254033550593,67.65374906507105,124.26532808398947
-50.382778000000016,-25.874167,Sao Mateus do Sul,4.814132653061225,6.0027168367346935,6.744183673469387,922.3832142857144,82.05102040816327,57.47066326530612,77.58996173469387
-53.05499999999999,-26.081111000000003,Francisco Beltrao,7.511494845360825,9.474329896907216,10.549458762886598,938.798943298969,82.88659793814433,60.595360824742265,139.27734536082474
-54.093889,-25.295278,Medianeira,4.266938775510204,5.121645408163266,5.84358418367347,960.781913265306,91.03316326530611,50.140306122448976,182.46313775510205
-54.588056000000016,-25.547778,Foz do Iguacu,1481.9889285714285,1482.440306122449,1482.9169770408166,987.8589540816324,88.41071428571429,53.68112244897959,124.47721938775511
-54.05666699999999,-24.556110999999994,Marechal Candido Rondon,1664.8702360916411,1665.462959305927,1665.7960460406207,961.6593647307166,86.66121552454848,52.52377420616809,85.66184859327117
-52.383056,-24.045556,Campo Mourao,2.501492346938776,2.9282780612244896,3.4214413265306125,941.613214285714,83.2704081632653,56.130102040816325,77.09446428571428
-52.465278,-23.07305600000001,Paranavai,3.041320754716981,3.599245283018868,3.9691981132075473,,,,
-50.161944,-25.094999999999995,Ponta Grossa,2.2640409207161127,2.936086956521739,3.3056777493606138,908.077672634271,78.20971867007673,64.28132992327366,106.73462915601023
