City_long,City_lat,city,pm1.0_atm,pm2.5_atm,pm10.0_atm,pressure,temperature,humidity,voc
-53.055,-26.081111,Francisco Beltrao,,,,941.816551724138,70.26551724137931,64.48275862068965,73.53103448275863
-54.588056,-25.547778,Foz do Iguacu,9.481724137931034,13.869310344827587,16.873103448275863,991.0242413793104,80.60689655172413,58.03448275862069,114.73010380622836
-54.056667,-24.556111,Marechal Candido Rondon,3332.0541379310343,3332.0541379310343,3332.0541379310343,964.4675517241378,79.27586206896552,50.33448275862069,60.57931034482758
-52.46527799999999,-23.07305600000001,Paranavai,3332.115596330275,3332.115596330275,3332.115596330275,,,,
