City_long,City_lat,city,pm1.0_atm,pm2.5_atm,pm10.0_atm,pressure,temperature,humidity,voc
-53.05499999999999,-26.081111000000003,Francisco Beltrao,,,,952.8900694444444,72.89027777777778,46.65972222222222,91.874826147427
-52.46527800000001,-23.073056000000005,Paranavai,3337.7760396039603,3337.863564356436,3337.863564356436,,,,
