City_long,City_lat,city,pm1.0_atm,pm2.5_atm,pm10.0_atm,pressure,temperature,humidity,voc
-53.055,-26.081111,Francisco Beltrao,,,,950.9658970792768,68.98052851182197,53.528511821974966,153.71349095966622
-54.056667,-24.556111,Marechal Candido Rondon,3329.63958041958,3329.63958041958,3329.63958041958,974.54413986014,79.24755244755245,39.15384615384615,81.08951048951049
