City_long,City_lat,city,pm1.0_atm,pm2.5_atm,pm10.0_atm,pressure,temperature,humidity,voc
-49.273056,-25.427778,Curitiba,1.031280701754386,1.1959473684210526,1.302122807017544,910.3532631578948,69.00350877192983,67.82456140350877,78.66175438596491
-50.38277800000001,-25.874167,Sao Mateus do Sul,7.994152097902099,9.73979895104895,10.234798951048951,926.916888111888,74.0576923076923,58.14160839160839,73.56928321678322
-53.05499999999999,-26.081111,Francisco Beltrao,3332.4789752650177,3332.4789752650177,3332.4789752650177,943.2590459363958,70.18374558303887,62.459363957597176,115.26512367491166
-54.09388899999999,-25.295278,Medianeira,8.84461403508772,10.587070175438596,11.251929824561405,965.6240350877194,78.83157894736843,57.08771929824562,140.2683157894737
-54.588056,-25.547778,Foz do Iguacu,7.016293706293706,8.546153846153846,9.325804195804196,993.6560839160836,77.55944055944056,55.09090909090909,101.40052447552448
-54.05666699999999,-24.556111,Marechal Candido Rondon,1671.1927622377625,1671.9504545454545,1672.2727622377622,966.309895104895,81.49300699300699,57.51048951048951,66.87248251748251
-50.161944000000005,-25.095,Ponta Grossa,2.900611888111888,3.608444055944057,3.892709790209792,912.1643706293706,69.2132867132867,66.63286713286713,74.34793706293706
