City_long,City_lat,city,pm1.0_atm,pm2.5_atm,pm10.0_atm,pressure,temperature,humidity,voc
-53.05499999999999,-26.081111,Francisco Beltrao,,,,939.3406039325844,87.1432584269663,44.7247191011236,63.93475177304965
-54.58805600000001,-25.547778,Foz do Iguacu,3.1016689847009733,4.282614742698192,4.964673157162727,989.3343393602224,91.49930458970792,41.01808066759388,75.15223463687151
-54.056667,-24.556110999999994,Marechal Candido Rondon,3294.6656944444444,3294.6656944444444,3294.6656944444444,962.70025,90.35,43.22222222222222,68.05988857938719
-52.465278000000005,-23.073056000000005,Paranavai,3289.9130952380956,3289.9130952380956,3289.9130952380956,,,,
