City_long,City_lat,city,pm1.0_atm,pm2.5_atm,pm10.0_atm,pressure,temperature,humidity,voc
-49.273056,-25.427778,Curitiba,3.235122475138744,4.194811110798096,4.62547945366275,914.2131508061714,80.0053995173301,61.68727169432158,105.84524945770066
-50.382778000000016,-25.874167,Sao Mateus do Sul,10.648698328303311,14.607933662642647,15.674358507026312,930.15468996982,82.83546637744035,53.84105441856079,66.08586214963208
-53.05499999999999,-26.081111000000007,Francisco Beltrao,3.465108225108225,4.316493506493506,4.765411255411255,945.7090909090908,87.18181818181819,55.188311688311686,124.89616883116882
-54.09388899999999,-25.295278,Medianeira,1.8998047722342728,2.4184164859002166,2.944609544468547,967.5134273318872,93.53145336225596,47.32537960954447,161.61715835141
-54.588056000000016,-25.547778,Foz do Iguacu,1632.27489154013,1632.5297830802604,1632.8700542299348,994.4438394793928,94.31453362255964,47.36876355748373,85.07351409978308
-54.056666999999976,-24.556110999999994,Marechal Candido Rondon,3.602104121475054,4.220596529284165,4.645206073752711,968.2344685466376,89.86117136659436,51.70932754880694,78.81262472885031
-52.383056,-24.045555999999998,Campo Mourao,1.4858568329718005,1.804533622559653,2.220954446854664,948.065596529284,88.12798264642082,49.59219088937093,86.07926247288502
-50.161944,-25.095,Ponta Grossa,1.2122943722943722,1.5732467532467531,1.8125324675324677,915.0366883116883,88.4891774891775,51.94588744588744,96.08181818181819
