City_long,City_lat,city,pm1.0_atm,pm2.5_atm,pm10.0_atm,pressure,temperature,humidity,voc
-50.382778000000016,-25.874167,Sao Mateus do Sul,2.586369047619048,3.5114583333333336,4.411150793650793,935.1466865079364,66.65674603174602,55.085317460317455,83.8539880952381
-53.05499999999999,-26.081111,Francisco Beltrao,3391.089365079365,3391.089365079365,3391.089365079365,950.4208333333332,62.69047619047619,60.54761904761905,116.3925
-54.093889,-25.295278000000003,Medianeira,1.2332341269841272,1.6663095238095236,2.016607142857143,972.1210714285714,70.21428571428571,52.67460317460318,100.89956349206348
-54.58805600000001,-25.547778,Foz do Iguacu,4.47893280632411,6.456166007905139,7.38901185770751,1000.4482213438736,71.2292490118577,51.869565217391305,84.08122529644268
-54.05666699999998,-24.556111,Marechal Candido Rondon,1667.1766468253968,1667.4467857142856,1667.6314484126983,972.8725793650792,69.76587301587301,52.40873015873016,60.0679761904762
-52.465278000000005,-23.073056,Paranavai,3341.65551724138,3341.65551724138,3341.65551724138,,,,
-50.16194399999999,-25.095,Ponta Grossa,1.6983333333333337,2.244642857142857,2.728611111111112,919.4516666666668,63.25396825396825,66.30555555555556,60.117896825396826
-49.273056,-25.427778,Curitiba,0.5125391498881432,0.7901006711409396,1.3226733780760629,918.0013870246084,68.72706935123043,64.89485458612975,68.3257494407159
