City_long,City_lat,city,pm1.0_atm,pm2.5_atm,pm10.0_atm,pressure,temperature,humidity,voc
-49.273056,-25.427778,Curitiba,2.580020514603616,3.284496947921496,3.5269996329779016,910.266149841601,77.8757243857209,68.65710670684592,85.16585535465924
-50.382778,-25.874167000000003,Sao Mateus do Sul,3.597690972222222,4.78871875,5.472552083333333,925.4757638888888,84.96041666666667,51.30138888888889,73.50481944444445
-53.05499999999999,-26.081111,Francisco Beltrao,5.225125698324023,6.354525139664805,6.959567039106146,940.2056703910616,89.68156424581005,47.23184357541899,101.43858938547486
-54.093889,-25.295278000000003,Medianeira,4.186756944444444,4.979833333333334,5.571701388888889,961.5581111111112,96.66388888888888,39.75972222222222,149.2495
-54.588056,-25.547778,Foz do Iguacu,4.781251758087201,5.704542897327707,6.4320675105485225,988.212011251758,96.06610407876232,40.45850914205344,106.24834036568213
-54.056667,-24.556110999999994,Marechal Candido Rondon,5.602777777777777,6.55429861111111,7.288555555555556,962.2233333333334,92.81805555555556,39.74722222222222,87.74243055555554
-52.383056,-24.045556000000005,Campo Mourao,1607.1208187163645,1607.29638753239,1607.5690086206894,943.6843462228424,92.19409009368148,39.8943591787921,81.31817712634188
-50.161944,-25.094999999999995,Ponta Grossa,2.309513888888889,3.012805555555556,3.361555555555555,910.6107916666668,85.22777777777777,53.513888888888886,93.09398611111112
