City_long,City_lat,city,pm1.0_atm,pm2.5_atm,pm10.0_atm,pressure,temperature,humidity,voc
-53.05499999999999,-26.081110999999996,Francisco Beltrao,,,,934.9316519174042,79.17994100294985,63.23893805309734,123.0414201183432
