City_long,City_lat,city,pm1.0_atm,pm2.5_atm,pm10.0_atm,pressure,temperature,humidity,voc
-49.273056,-25.427778,Curitiba,11.05940594059406,13.389250353606789,15.090806223479492,911.480297029703,71.35502121640735,64.04101838755304,86.57790368271955
-50.382778,-25.874167,Sao Mateus do Sul,14.02415846621092,17.81764715514964,19.56110200151528,928.3544195671208,73.76206051052067,61.21418746165418,102.7070179582054
-53.055,-26.081111,Francisco Beltrao,3331.04839609484,3331.04839609484,3331.04839609484,944.1969735006974,75.90516039051604,63.76429567642957,154.29009762900975
-54.093889,-25.295278,Medianeira,8.40933147632312,9.953481894150418,10.82381615598886,966.0570334261838,83.27437325905292,55.36629526462396,131.22144846796658
-54.58805600000001,-25.547778,Foz do Iguacu,12.22638888888889,16.298333333333332,18.57625,993.1772083333334,81.46805555555555,57.35,126.99722222222222
-54.056666999999976,-24.556111,Marechal Candido Rondon,2370.2650904033376,2370.576216968011,2370.8559109874827,967.1814742698192,80.62865090403338,57.45062586926287,80.3393602225313
-52.465278000000005,-23.073056000000005,Paranavai,3331.726862745098,3331.726862745098,3331.726862745098,,,,
-50.161944,-25.094999999999995,Ponta Grossa,7.1890277777777785,8.89402777777778,9.514305555555556,914.0704305555556,70.81944444444444,68.20694444444445,98.4125
