City_long,City_lat,city,pm1.0_atm,pm2.5_atm,pm10.0_atm,pressure,temperature,humidity,voc
-49.273056,-25.427778,Curitiba,13.479,16.092999999999996,17.188499999999998,915.548825,74.14,61.8825,60.5062656641604
-50.382778000000016,-25.874167,Sao Mateus do Sul,13.816269442595171,17.102778551110575,18.26136415905102,932.0264137868426,74.09074925860921,57.48927858137142,73.50336730979251
-53.05499999999999,-26.081111,Francisco Beltrao,3330.931695331695,3330.931695331695,3330.931695331695,947.1928992628992,74.36609336609337,66.74692874692875,92.96068796068796
-54.09388899999999,-25.295278,Medianeira,6.699756097560975,7.988292682926829,9.009268292682927,968.6142195121952,82.2609756097561,50.98292682926829,105.7341463414634
-54.58805600000001,-25.547778,Foz do Iguacu,13.136341463414633,18.03878048780488,20.95829268292683,995.848487804878,84.36829268292684,51.4219512195122,82.84634146341463
-54.056666999999976,-24.556110999999994,Marechal Candido Rondon,3319.703178484108,3319.703178484108,3319.703178484108,970.4106356968216,79.21515892420538,56.25916870415648,73.09290953545232
-52.465278000000005,-23.073056000000005,Paranavai,3331.468478260869,3331.468478260869,3331.468478260869,,,,
-50.161943999999984,-25.095000000000002,Ponta Grossa,14.66042105263158,20.028,21.648210526315793,917.5380421052631,73.1978947368421,62.16421052631579,67.0357894736842
