City_long,City_lat,city,pm1.0_atm,pm2.5_atm,pm10.0_atm,pressure,temperature,humidity,voc
-49.273056,-25.427778,Curitiba,2.293889757980411,2.960356954703308,3.261874818565945,909.24549011386,68.07681514692126,65.92378694534938,89.99757475083057
-50.38277800000001,-25.874167,Sao Mateus do Sul,3.4495701466817974,4.288995371537848,4.747586763964192,925.205516118186,72.82726537216828,55.62991215903837,75.41233424746775
-53.05500000000001,-26.081111,Francisco Beltrao,0.5143648208469056,1.0806514657980455,1.5333224755700323,940.0049837133552,75.85342019543974,57.95765472312704,142.83534201954396
-54.093889,-25.295278,Medianeira,3.6302103559870553,4.26495145631068,4.633802588996764,961.2080258899678,87.48543689320388,46.97411003236246,176.35236245954695
-54.588056,-25.547778,Foz do Iguacu,4.6742071197411,5.413139158576051,5.795242718446602,988.1328802588996,90.3948220064725,41.84789644012945,115.01093851132688
-54.056667,-24.556111,Marechal Candido Rondon,3.447808441558442,3.992126623376624,4.324902597402597,962.0298376623376,81.17207792207792,54.78896103896104,65.25116883116883
-52.383056,-24.045556,Campo Mourao,1405.4610562004368,1405.6034362429605,1405.9179610102287,944.0735676933688,80.59694288012872,49.45557981841168,121.47254058441558
-50.161944,-25.095,Ponta Grossa,0.5649675324675324,0.8071753246753247,1.0536688311688311,910.0224025974024,70.83441558441558,61.285714285714285,73.11756493506493
