City_long,City_lat,city,pm1.0_atm,pm2.5_atm,pm10.0_atm,pressure,temperature,humidity,voc
-49.273056,-25.427778,Curitiba,5.452333333333334,7.0150451388888895,7.593826388888889,913.2722916666668,80.41388888888889,58.62638888888889,82.56765277777778
-50.382778,-25.874167000000003,Sao Mateus do Sul,4.523739583333333,5.508284722222223,6.075788194444444,928.5420069444444,86.44999999999999,47.765277777777776,68.86153472222222
-53.05499999999999,-26.081111000000003,Francisco Beltrao,0.2115833333333333,0.4096111111111111,0.5436249999999999,943.8142222222222,88.18194444444444,53.67916666666667,140.83658333333335
-54.09388899999999,-25.295278000000003,Medianeira,2.9174755244755244,3.6384335664335663,4.319986013986014,965.6474965034964,89.67692307692307,53.784615384615385,181.6694685314685
-54.58805600000001,-25.547778,Foz do Iguacu,2.736333333333333,3.509347222222221,4.174388888888889,992.6460694444444,92.18611111111112,48.59861111111111,113.5731111111111
-54.05666699999999,-24.556110999999994,Marechal Candido Rondon,3.933486646884273,4.753004451038576,5.418916913946587,966.0732011308444,91.5909178144884,48.34138284836944,91.60142270029674
-52.383056,-24.045556,Campo Mourao,4.506474269819193,5.149311543810848,5.875751043115439,946.2525869262864,88.46592489568846,50.158553546592486,80.65887343532684
-50.16194400000001,-25.094999999999995,Ponta Grossa,6.437607788595272,8.248525730180807,9.071210013908207,913.6108484005564,88.2739916550765,48.11961057023644,76.6118776077886
