City_long,City_lat,city,pm1.0_atm,pm2.5_atm,pm10.0_atm,pressure,temperature,humidity,voc
-49.273056,-25.427778,Curitiba,5.939069111424541,8.208885754583921,10.187306064880111,911.6391396332864,52.19605077574048,50.64033850493653,106.8166431593794
-50.38277800000001,-25.874167,,5.118881118881119,7.772027972027971,9.251888111888112,927.1948111888112,55.65034965034965,36.28391608391608,86.07832167832167
-54.093889,-25.295278,Medianeira,2.96016713091922,4.331058495821726,5.232590529247911,973.3641086350974,59.033426183844014,32.82311977715877,124.65877437325904
-54.58805600000001,-25.547778,Foz do Iguacu,7.134305555555556,10.840694444444445,13.315,1002.6696111111112,57.547222222222224,40.1625,119.54583333333332
-50.16194400000001,-25.094999999999995,Ponta Grossa,4.074408901251738,5.795827538247568,6.542976356050069,914.962280945758,53.87760778859527,45.21418636995828,102.69262865090404
