City_long,City_lat,city,pm1.0_atm,pm2.5_atm,pm10.0_atm,pressure,temperature,humidity,voc
-49.273056,-25.427778,Curitiba,6.819235294117647,7.819039215686275,8.370470588235294,914.627098039216,66.58823529411765,69.68627450980392,75.15843137254902
-50.38277800000001,-25.874167,Sao Mateus do Sul,9.73866523853636,11.843964682723485,12.602682298903812,931.899913463023,67.49004940558902,57.418720086459786,74.83924424888065
-53.05499999999999,-26.081111000000007,Francisco Beltrao,3332.000887096774,3332.000887096774,3332.000887096774,947.4245967741934,69.74193548387096,61.79838709677419,121.22528225806452
-54.093889,-25.295278,Medianeira,11.433484251968506,13.607362204724412,14.51236220472441,968.8631102362205,81.90551181102362,48.46062992125984,136.28838582677167
-54.588056000000016,-25.547778,Foz do Iguacu,12.100941176470588,15.326509803921567,16.7121568627451,996.3227450980391,83.09019607843138,54.46666666666667,93.059568627451
-54.05666699999998,-24.556111,Marechal Candido Rondon,1672.7686166007904,1673.944486166008,1674.3919762845849,969.864743083004,78.91699604743083,53.31620553359684,64.94343873517786
-52.46527800000001,-23.073056,Paranavai,3331.9223529411765,3331.9223529411765,3331.9223529411765,,,,
-50.161944,-25.095,Ponta Grossa,12.246377952755903,14.910787401574805,15.60773622047244,916.5816141732284,67.00393700787401,67.78740157480316,73.52838582677165
