City_long,City_lat,city,pm1.0_atm,pm2.5_atm,pm10.0_atm,pressure,temperature,humidity,voc
-49.273056,-25.427778,Curitiba,4.3931506849315065,5.22420091324201,5.915220700152207,910.6187671232876,67.96042617960426,71.3607305936073,82.33028919330289
-50.38277800000001,-25.874167,Sao Mateus do Sul,7.1746247451580025,9.307103083588174,10.330472731906218,927.4018351809376,73.20043323139653,62.35275229357798,87.65929339477728
-53.05499999999999,-26.081111,Francisco Beltrao,3331.2397014925373,3331.2397014925373,3331.2397014925373,943.5918358208957,73.57910447761193,71.94477611940299,136.78805970149253
-54.09388899999999,-25.295278,Medianeira,2.333240611961057,2.780528511821975,3.11182197496523,966.0982475660638,81.1835883171071,59.85257301808067,165.65646731571627
-54.58805600000001,-25.547778,Foz do Iguacu,5.670473537604457,7.609052924791088,8.544011142061281,993.279860724234,82.08635097493037,60.3050139275766,133.7883008356546
-54.056666999999976,-24.556111,Marechal Candido Rondon,2065.1833101529905,2065.674269819193,2067.320027816412,967.0507649513212,78.33101529902642,64.25312934631432,77.63143254520168
-52.465278000000005,-23.073056,Paranavai,3331.4463654223973,3331.4463654223973,3331.4475442043217,,,,
-50.161944,-25.094999999999995,Ponta Grossa,4.4272222222222215,6.120277777777777,6.954166666666667,913.2915138888889,67.825,74.30694444444444,88.05
