City_long,City_lat,city,pm1.0_atm,pm2.5_atm,pm10.0_atm,pressure,temperature,humidity,voc
-53.05499999999999,-26.081111,Francisco Beltrao,,,,937.4190985915492,84.78028169014084,62.33802816901409,83.89093484419263
-54.58805600000001,-25.547778,Foz do Iguacu,4.606111111111111,6.305972222222223,7.105138888888889,985.9206111111112,88.81111111111112,59.543055555555554,151.11436541143655
-54.056667,-24.556110999999994,Marechal Candido Rondon,3332.190694444445,3332.190694444445,3332.190694444445,960.8232777777778,81.5111111111111,70.34166666666667,73.25173852573018
-50.161944,-25.095,,222.6,535.8,732.3,907.78,76.0,72.0,139.0
