City_long,City_lat,city,pm1.0_atm,pm2.5_atm,pm10.0_atm,pressure,temperature,humidity,voc
-49.273056,-25.427778,Curitiba,6.622426554330108,8.412944537352612,9.190702438662967,914.357926395563,83.61106500984356,61.5168949385042,83.0900618556701
-50.38277800000001,-25.874167,Sao Mateus do Sul,8.39855749486653,10.180215605749485,11.028526694045176,929.804158110883,86.73613963039014,55.01745379876797,66.25808008213552
-53.05499999999998,-26.08111100000001,Francisco Beltrao,0.6087090163934427,1.024405737704918,1.2921926229508196,945.8225409836066,89.10040983606558,54.96106557377049,171.94288934426228
-54.093889,-25.295278,Medianeira,3.426424180327869,4.0690881147540985,4.6495389344262295,967.926475409836,98.13934426229508,43.3688524590164,151.2896106557377
-54.58805600000002,-25.547778,Foz do Iguacu,4.269262295081967,5.250963114754099,5.98655737704918,994.7071926229509,95.91188524590164,46.403688524590166,142.30717213114752
-54.05666699999999,-24.556111,Marechal Candido Rondon,2.8642622950819674,3.500665983606557,4.08468237704918,969.1445286885246,96.59272540983606,41.27561475409836,109.93584016393442
-52.383056,-24.045556,Campo Mourao,1.3377356557377047,1.6610655737704916,2.175276639344262,948.1790983606558,91.26024590163937,47.39754098360656,72.9897336065574
-52.465278000000005,-23.073056000000005,Paranavai,1178.8408794788272,1179.0654397394137,1179.27996742671,,,,
-50.161943999999984,-25.095,Ponta Grossa,3.614271047227928,4.339383983572895,4.705728952772075,914.9565297741271,89.83162217659138,51.00616016427104,85.63328542094456
