City_long,City_lat,city,pm1.0_atm,pm2.5_atm,pm10.0_atm,pressure,temperature,humidity,voc
-49.273056,-25.427778,Curitiba,11.75057545577932,14.804344668207328,16.088788745827376,912.9065538681632,77.63505557389678,70.80556472616558,191.01004291845493
-50.38277800000001,-25.874167,Sao Mateus do Sul,4.495277777777778,5.757318376068376,6.608985042735043,928.544123931624,80.97435897435898,60.93162393162393,82.641452991453
-53.05499999999998,-26.081111000000003,Francisco Beltrao,3.7393965517241377,4.7156896551724135,5.164870689655173,944.3191810344828,77.60344827586206,70.375,143.01456896551724
-54.093889,-25.295278000000003,Medianeira,0.6672008547008547,0.8829700854700855,1.1633760683760686,965.789188034188,82.22222222222223,62.7991452991453,146.9332905982906
-54.588056000000016,-25.547778,Foz do Iguacu,0.8933760683760683,1.2601495726495726,1.7117521367521369,992.952905982906,85.33333333333333,60.00854700854701,109.46820512820511
-54.056666999999976,-24.556110999999994,Marechal Candido Rondon,3.0237982832618022,3.5503648068669524,3.9467596566523606,966.9951072961372,81.6137339055794,63.26609442060086,59.48442060085837
-52.383056,-24.045556,Campo Mourao,0.0928846153846153,0.1814102564102564,0.5602136752136752,947.37,79.09401709401709,63.89316239316239,100.99252136752136
-52.46527800000001,-23.073056,Paranavai,2.198679245283019,2.811698113207547,3.20245283018868,,,,
-50.16194399999999,-25.095,Ponta Grossa,4.071794871794872,4.968012820512821,5.49940170940171,914.1281196581195,76.1880341880342,68.9957264957265,121.15884615384614
