City_long,City_lat,city,pm1.0_atm,pm2.5_atm,pm10.0_atm,pressure,temperature,humidity,voc
-53.05499999999999,-26.081111000000007,Francisco Beltrao,,,,940.2770454545456,73.71363636363637,72.89090909090909,111.85454545454546
