City_long,City_lat,city,pm1.0_atm,pm2.5_atm,pm10.0_atm,pressure,temperature,humidity,voc
-53.05499999999999,-26.081111,Francisco Beltrao,,,,939.2538537271448,84.91279887482419,64.27426160337552,85.78028169014084
-54.58805600000001,-25.547778,Foz do Iguacu,1.747777777777778,2.4970833333333333,3.120833333333333,987.4796111111112,88.59444444444445,62.201388888888886,106.64166666666668
-54.056667,-24.556110999999994,Marechal Candido Rondon,3274.781805555556,3274.781805555556,3274.781805555556,961.3956111111112,91.07638888888889,55.02361111111111,85.84005563282336
-52.465278000000005,-23.073056,Paranavai,3298.20884086444,3298.20884086444,3298.20884086444,,,,
