City_long,City_lat,city,pm1.0_atm,pm2.5_atm,pm10.0_atm,pressure,temperature,humidity,voc
-49.273056,-25.427778,Curitiba,1.565404564315353,2.037396265560166,2.319688796680498,914.825622406639,71.2344398340249,71.86721991701245,102.308132780083
-48.99111100000001,-24.657222,Adrianopolis,4.724187500000001,5.7441458333333335,6.663333333333332,995.1140833333334,77.7875,71.7875,
-50.382778000000016,-25.874167,Sao Mateus do Sul,7.5324377593361,9.241773858921164,9.96405601659751,930.671286307054,78.01244813278008,58.27178423236515,66.13981327800829
-53.05499999999998,-26.081111000000007,Francisco Beltrao,3.39298755186722,4.519751037344398,5.069211618257261,946.0734024896266,76.78008298755186,62.65560165975104,177.65062240663903
-54.093889,-25.295278,Medianeira,4.218041666666667,5.214770833333334,5.778854166666665,967.8732916666668,86.64166666666667,44.62083333333333,146.39338912133894
-54.588056000000016,-25.547778,Foz do Iguacu,9.916404958677688,12.655330578512398,14.234338842975207,995.3019008264464,83.42561983471074,53.17355371900826,122.56590909090907
-52.46527800000001,-23.073056,Paranavai,3331.2895,3331.2895,3331.2895,,,,
-50.16194399999999,-25.095,Ponta Grossa,1.394564315352697,1.7844398340248964,2.0040663900414937,915.6169709543568,74.9253112033195,63.75103734439834,66.21946058091285
