City_long,City_lat,city,pm1.0_atm,pm2.5_atm,pm10.0_atm,pressure,temperature,humidity,voc
-49.273056,-25.427778,Curitiba,5.785180555555557,6.753319444444443,7.163756944444444,907.8865833333334,76.02083333333333,62.28611111111111,85.40670833333333
-50.382778,-25.874167000000003,Sao Mateus do Sul,10.956916666666665,13.634118055555554,14.59534375,924.6712569444444,78.0923611111111,55.41666666666666,75.77882638888889
-53.05499999999999,-26.081111,Francisco Beltrao,3331.861169916435,3331.861169916435,3331.861169916435,940.6088579387184,80.20891364902506,58.110027855153206,109.16505571030642
-54.093889,-25.295278000000003,Medianeira,5.2420625,6.076673611111111,6.462305555555555,962.8614166666666,86.8125,53.34722222222222,111.88723611111112
-54.58805600000001,-25.547778,Foz do Iguacu,7.215333333333332,8.767833333333334,9.572277777777778,989.9989583333332,85.59166666666667,55.85138888888889,116.13434722222222
-54.056666999999976,-24.556111,Marechal Candido Rondon,1670.4936439499304,1671.198066759388,1671.5048400556327,963.7949652294856,83.13769123783032,60.48122392211405,92.94866481223922
-50.16194400000001,-25.094999999999995,Ponta Grossa,5.85220445062587,7.64221140472879,8.172058414464534,909.9929485396384,82.13212795549374,53.56467315716272,78.1440890125174
