City_long,City_lat,city,pm1.0_atm,pm2.5_atm,pm10.0_atm,pressure,temperature,humidity,voc
-53.05499999999999,-26.081111000000003,Francisco Beltrao,,,,943.7614305555556,80.775,51.5,117.16666666666669
-54.588056,-25.547778,Foz do Iguacu,2.656578947368421,3.992763157894737,4.825328947368422,993.3161513157894,79.15789473684211,49.36184210526316,80.26973684210526
-52.465278000000005,-23.073056,Paranavai,3298.138506876228,3298.138506876228,3298.138506876228,,,,
