City_long,City_lat,city,pm1.0_atm,pm2.5_atm,pm10.0_atm,pressure,temperature,humidity,voc
-49.273056,-25.427778,Curitiba,16.938416666666665,21.34279861111111,24.147895833333333,913.4722222222222,72.74027777777778,59.74444444444445,101.363375
-50.382778,-25.874167,Sao Mateus do Sul,17.59972503283882,22.650725757224546,24.86719130543965,930.5214976626488,74.08245730953485,53.11186350641323,88.57545725158398
-53.05499999999999,-26.081111,Francisco Beltrao,3330.4546306818183,3330.4546306818183,3330.4546306818183,946.585625,79.81392045454545,50.69602272727273,134.02796875
-54.093889,-25.295278000000003,Medianeira,10.79813888888889,12.762256944444443,13.621125,969.0277638888888,85.51388888888889,47.18888888888889,130.95765277777778
-54.58805600000001,-25.547778,Foz do Iguacu,12.438567454798331,16.252336578581364,18.217830319888733,996.4430598052852,84.44367176634213,48.37273991655076,119.46623087621695
-54.056667,-24.556110999999994,Marechal Candido Rondon,1670.9949444444442,1671.7911249999995,1672.2019930555557,969.6604861111113,84.41666666666667,43.85,83.42555555555555
-50.16194400000001,-25.094999999999995,Ponta Grossa,18.07955493741307,23.870229485396383,26.47802503477052,915.5808066759388,78.115438108484,50.48261474269819,99.6264394993046
