City_long,City_lat,city,pm1.0_atm,pm2.5_atm,pm10.0_atm,pressure,temperature,humidity,voc
-49.273056,-25.427778,Curitiba,0.8525950140809012,1.1866070788530467,1.4361698348694314,913.3757537122376,72.61235919098823,77.8877944188428,124.58007142857144
-50.382778,-25.874167,Sao Mateus do Sul,2.6888214285714285,3.576491071428572,4.235196428571428,928.9120535714284,81.95,58.19285714285714,70.06810714285714
-53.055,-26.081111,Francisco Beltrao,6.645535714285714,8.409285714285714,9.137428571428574,944.474642857143,81.17142857142858,64.93214285714286,197.97196428571428
-54.093889,-25.295278,Medianeira,2.4098928571428573,3.04825,3.7224642857142856,966.0050357142858,84.20357142857142,59.996428571428574,234.47921428571425
-54.588056,-25.547778,Foz do Iguacu,1666.958767857143,1667.237482142857,1667.6144107142857,993.3048928571428,85.70357142857142,58.69642857142857,129.40160714285713
-54.056667,-24.556111,Marechal Candido Rondon,3.1910000000000003,3.815982142857143,4.312767857142856,966.8106428571429,83.44642857142857,60.62857142857143,68.694
-52.38305600000001,-24.045556,Campo Mourao,1.6666249999999998,2.059946428571429,2.689107142857143,947.1409642857142,80.33928571428571,62.02857142857143,81.07907142857142
-50.161944,-25.095,Ponta Grossa,1.1301785714285717,1.5816785714285715,1.987553571428572,913.975,78.01428571428572,61.54642857142857,75.90414285714286
