City_long,City_lat,city,pm1.0_atm,pm2.5_atm,pm10.0_atm,pressure,temperature,humidity,voc
-53.05499999999999,-26.081111000000003,Francisco Beltrao,,,,944.9600851063832,76.92765957446808,57.70070921985816,101.37660485021398
-54.588056,-25.547778,Foz do Iguacu,0.6507836990595611,1.20846394984326,1.6297805642633227,995.9281504702192,74.78369905956113,57.46394984326019,76.35534591194968
-52.46527800000001,-23.073056,Paranavai,3297.333794466403,3297.333794466403,3297.333794466403,,,,
