City_long,City_lat,city,pm1.0_atm,pm2.5_atm,pm10.0_atm,pressure,temperature,humidity,voc
-53.05499999999999,-26.081111,Francisco Beltrao,,,,940.944726507714,85.7601683029453,64.33380084151473,78.72535211267606
-54.58805600000001,-25.547778,Foz do Iguacu,4.523504867872045,6.112100139082059,6.9884561891516,989.4638803894298,90.56189151599445,58.55493741307372,96.6142061281337
-54.05666699999998,-24.556110999999994,Marechal Candido Rondon,3297.720473537604,3297.720473537604,3297.720473537604,963.687966573816,91.5598885793872,53.7883008356546,88.27170868347339
-52.465278000000005,-23.073056000000005,Paranavai,3281.8268627450984,3281.8268627450984,3281.8268627450984,,,,
