City_long,City_lat,city,pm1.0_atm,pm2.5_atm,pm10.0_atm,pressure,temperature,humidity,voc
-49.273056,-25.427778,Curitiba,4.370528455284553,4.996991869918699,5.372479674796748,910.4681300813008,74.3089430894309,67.79674796747967,84.2291463414634
-50.382778000000016,-25.874167,Sao Mateus do Sul,9.794044715447152,13.15461382113821,14.554471544715447,927.3387398373984,72.46341463414635,60.91666666666666,72.58717479674797
-53.05499999999999,-26.081111000000003,Francisco Beltrao,3331.987364016736,3331.987364016736,3331.987364016736,943.268577405858,71.53138075313808,66.26778242677824,121.99489539748951
-54.09388899999999,-25.295278,Medianeira,5.675284552845529,6.406971544715447,6.835630081300813,965.322113821138,81.52032520325203,58.21138211382114,135.59951219512195
-54.58805600000001,-25.547778,Foz do Iguacu,8.920243902439024,11.12109756097561,12.34556910569106,992.6626422764228,81.19918699186992,58.91463414634146,97.81711382113822
-54.056666999999976,-24.55611099999999,Marechal Candido Rondon,1671.8310772357725,1672.6610772357724,1672.9718089430894,966.1879268292683,77.08536585365853,63.10162601626016,70.65971544715445
-52.46527800000001,-23.073056,Paranavai,3331.7988372093023,3331.7988372093023,3331.7988372093023,,,,
-50.161944,-25.095,Ponta Grossa,6.4539024390243895,7.850081300813007,8.332987804878048,912.5187804878049,73.49186991869918,67.36585365853658,68.59329268292683
