City_long,City_lat,city,pm1.0_atm,pm2.5_atm,pm10.0_atm,pressure,temperature,humidity,voc
-53.05499999999999,-26.081111,Francisco Beltrao,,,,942.9941759776538,76.9427374301676,61.33519553072626,79.17605633802818
-54.58805600000001,-25.547778,Foz do Iguacu,3.403194444444445,4.609722222222223,5.158611111111111,993.97925,81.96527777777777,57.3125,83.13788300835654
