City_long,City_lat,city,pm1.0_atm,pm2.5_atm,pm10.0_atm,pressure,temperature,humidity,voc
-53.055,-26.081111,Francisco Beltrao,,,,934.7294979079498,78.63319386331939,63.4700139470014,95.31005586592178
-54.58805600000001,-25.547778,Foz do Iguacu,3.4675000000000007,4.8525,5.675,983.5206388888888,87.86666666666666,51.91111111111111,100.19027777777778
-52.465278000000005,-23.073056000000005,Paranavai,3303.3944341372912,3303.3944341372912,3303.3944341372912,,,,
