City_long,City_lat,city,pm1.0_atm,pm2.5_atm,pm10.0_atm,pressure,temperature,humidity,voc
-53.05499999999999,-26.081111,Francisco Beltrao,,,,940.9398341232228,89.76303317535545,58.459715639810426,77.06175771971496
-54.588056000000016,-25.547778,Foz do Iguacu,0.2661176470588235,0.5515294117647059,1.0082352941176471,990.6504705882352,87.50823529411765,61.79058823529412,101.25592417061613
-54.056666999999976,-24.55611099999999,Marechal Candido Rondon,3306.0796728971964,3306.0796728971964,3306.0796728971964,964.3412383177568,89.8855140186916,56.3411214953271,71.24532710280374
-52.465278,-23.07305600000001,Paranavai,3283.245748987854,3283.245748987854,3283.245748987854,,,,
