City_long,City_lat,city,pm1.0_atm,pm2.5_atm,pm10.0_atm,pressure,temperature,humidity,voc
-53.05499999999999,-26.081111,Francisco Beltrao,,,,944.346181818182,77.69510489510489,43.458741258741256,117.40532959326788
-54.58805600000001,-25.547778,,3.0230769230769234,4.261133603238866,5.11497975708502,994.468016194332,83.86234817813765,36.08502024291498,72.27235772357723
-52.465278000000005,-23.073056000000005,Paranavai,3306.5904,3306.5904,3306.5904,,,,
