City_long,City_lat,city,pm1.0_atm,pm2.5_atm,pm10.0_atm,pressure,temperature,humidity,voc
-53.05499999999999,-26.081111000000003,Francisco Beltrao,,,,949.4592916666666,74.67777777777778,42.17083333333333,85.4019471488178
-54.58805600000001,-25.547778,,0.3432727272727272,0.7665454545454546,1.3287272727272728,999.33,77.97818181818182,38.71636363636364,72.54181818181819
-52.465278000000005,-23.073056000000005,Paranavai,3335.6903543307085,3335.6903543307085,3335.6903543307085,,,,
