City_long,City_lat,city,pm1.0_atm,pm2.5_atm,pm10.0_atm,pressure,temperature,humidity,voc
-53.055,-26.081111,Francisco Beltrao,,,,945.7580656934308,72.67518248175182,65.27007299270073,136.63868613138686
-52.465278,-23.073056000000005,Paranavai,3329.965921787709,3329.965921787709,3329.965921787709,,,,
