City_long,City_lat,city,pm1.0_atm,pm2.5_atm,pm10.0_atm,pressure,temperature,humidity,voc
-49.273056,-25.427778,Curitiba,7.354243179529433,9.113799551405291,9.649855534193904,910.4230335072782,80.5941636912936,69.816543074247,84.12666666666667
-48.991111,-24.657222,Adrianopolis,13.045714285714284,15.6419452887538,17.0690273556231,989.2228267477202,86.73252279635258,64.5258358662614,
-50.382778,-25.874167,Sao Mateus do Sul,10.870762839879156,13.161170694864047,14.074463746223564,925.3234441087614,85.8262839879154,57.309667673716014,75.12240181268882
-53.05499999999999,-26.081111,Francisco Beltrao,6.237552870090635,7.645407854984895,8.285498489425981,941.0921450151058,84.94864048338368,64.4441087613293,138.30604229607252
-54.09388899999999,-25.295278,Medianeira,2.039093655589124,2.5893957703927493,3.1005891238670698,962.68583081571,92.94561933534744,50.933534743202415,166.0832930513595
-54.588056,-25.547778,Foz do Iguacu,1662.9903776435046,1663.2527945619336,1663.531570996979,989.3133836858004,91.69184290030212,53.94864048338368,124.29332326283986
-54.05666699999999,-24.556111,Marechal Candido Rondon,1667.281809073885,1667.5619227102484,1667.7703696799454,964.1320580524344,88.0567926455567,58.70257065032346,69.09464742934966
-52.38305599999999,-24.045556,Campo Mourao,4.073096676737161,4.565664652567976,5.196404833836858,944.4786404833836,87.09365558912387,58.96676737160121,78.11190332326284
-50.161944,-25.095,Ponta Grossa,10.136374622356497,12.446586102719033,13.151601208459216,911.2823867069485,81.74924471299094,66.33836858006042,82.95504531722055
