City_long,City_lat,city,pm1.0_atm,pm2.5_atm,pm10.0_atm,pressure,temperature,humidity,voc
-53.05499999999999,-26.081111000000003,Francisco Beltrao,,,,939.1356944444444,85.4263888888889,55.37777777777778,83.24022346368714
-54.58805600000001,-25.547778,Foz do Iguacu,4.190416666666666,5.995694444444444,7.207916666666665,988.8690277777775,87.65416666666667,51.825,106.36439499304588
-52.465278000000005,-23.073056000000005,Paranavai,3318.4417670682733,3318.441967871486,3318.4427710843374,,,,
