City_long,City_lat,city,pm1.0_atm,pm2.5_atm,pm10.0_atm,pressure,temperature,humidity,voc
-49.273056,-25.427778,Curitiba,0.01,0.1308008658008658,0.7592207792207794,915.5104329004328,66.51515151515152,70.87012987012987,73.32969696969695
-50.38277800000002,-25.874167,Sao Mateus do Sul,0.7419588744588744,1.231774891774892,1.9398593073593071,932.81867965368,70.39393939393939,58.586580086580085,72.79915584415585
-53.05499999999999,-26.081111000000007,Francisco Beltrao,3332.0438325991186,3332.0438325991186,3332.0438325991186,947.5220704845816,69.10572687224669,60.32599118942731,93.7980616740088
-54.09388899999999,-25.295278,Medianeira,0.9734848484848484,1.4074242424242422,1.9917532467532468,968.8791774891772,76.05194805194805,53.307359307359306,93.80220779220778
-54.588056,-25.547778,Foz do Iguacu,5.879870129870131,7.816926406926407,9.294285714285714,996.722857142857,80.84415584415585,47.53679653679654,75.4264502164502
-54.05666699999997,-24.55611099999999,Marechal Candido Rondon,1666.4579437229436,1666.602012987013,1666.8261904761905,969.8284848484848,72.64069264069263,57.95670995670996,56.31164502164503
-52.465278000000005,-23.073056,Paranavai,3332.278,3332.278,3332.278,,,,
-50.161944,-25.095,Ponta Grossa,0.0922510822510822,0.3927705627705627,1.0644372294372295,917.1554112554112,65.73160173160173,66.51515151515152,65.72324675324676
