City_long,City_lat,city,pm1.0_atm,pm2.5_atm,pm10.0_atm,pressure,temperature,humidity,voc
-53.05499999999999,-26.081111000000003,Francisco Beltrao,,,,947.8056666666666,75.60138888888889,43.83055555555556,114.05718270571828
-54.58805600000001,-25.547778,,1.8136363636363635,2.754195804195804,3.5566433566433564,997.452867132867,80.77972027972028,37.85314685314685,80.43859649122807
-52.465278000000005,-23.073056,Paranavai,3333.997445972495,3333.997445972495,3333.997445972495,,,,
