City_long,City_lat,city,pm1.0_atm,pm2.5_atm,pm10.0_atm,pressure,temperature,humidity,voc
-49.273056,-25.427778,Curitiba,8.31561440948076,10.325727510237986,11.151858300494514,912.656823027739,82.54508576726936,61.28404902642559,97.3782361111111
-50.382778,-25.874167,Sao Mateus do Sul,6.84709123529867,8.337828565072734,9.258875135406996,927.7556725665428,88.15180671618694,50.36465297121634,71.06773046270504
-53.05499999999999,-26.081111000000003,Francisco Beltrao,0.7323472222222221,1.1119027777777777,1.4760833333333332,943.3010694444444,90.49583333333334,50.69305555555555,130.90008333333333
-54.093889,-25.295278000000003,Medianeira,2.790645833333333,3.6235,4.332479166666667,965.3348888888888,96.73055555555555,44.94722222222222,152.63669444444443
-54.58805600000001,-25.547778,Foz do Iguacu,2.4393472222222226,3.2217083333333334,3.930569444444445,992.0101111111112,97.79722222222222,42.22222222222222,90.45515277777778
-54.05666699999999,-24.556111,Marechal Candido Rondon,10.560576388888888,11.398180555555555,12.3721875,965.704342310298,96.69310636856368,42.670054200542005,102.95244444444444
-52.383056,-24.045556,Campo Mourao,2.270785813630042,2.7013630041724617,3.2962378303198885,946.5485535465924,85.56328233657858,56.26981919332406,84.86336578581363
-52.465278000000005,-23.073056,Paranavai,847.9820825147348,848.3663457760314,849.2507072691552,,,,
-50.16194400000001,-25.094999999999995,Ponta Grossa,8.000848400556327,9.869068150208625,10.770862308762169,913.3808344923506,85.07649513212796,55.26981919332406,96.86948539638388
