City_long,City_lat,city,pm1.0_atm,pm2.5_atm,pm10.0_atm,pressure,temperature,humidity,voc
-49.27305599999999,-25.427778,Curitiba,2.8048951048951047,3.472494172494172,3.733333333333333,920.1975291375292,60.61538461538461,68.40326340326341,72.71728971962617
-50.382778000000016,-25.874167000000003,Sao Mateus do Sul,2.913133640552996,3.878571428571429,4.204147465437788,935.49633640553,62.56221198156682,57.4815668202765,62.08755760368663
-53.05499999999999,-26.081111000000007,Francisco Beltrao,3584.9771362586607,3584.9771362586607,3584.9771362586607,954.3275519630484,59.122401847575055,56.36027713625866,137.77777777777777
-54.093889,-25.295278,Medianeira,7.275806451612904,8.904608294930876,9.36958525345622,976.5389631336408,69.09216589861751,51.91013824884793,157.5806451612903
-54.588056000000016,-25.547778,Foz do Iguacu,12.841801385681292,18.610623556581984,21.11316397228637,1005.195819861432,68.41801385681293,50.31177829099307,86.04883720930232
-54.056666999999976,-24.556110999999994,Marechal Candido Rondon,3420.8251732101617,3420.8251732101617,3420.8251732101617,977.4211547344112,68.39491916859123,49.89838337182448,86.92378752886836
-50.161944,-25.095,Ponta Grossa,3.669124423963134,4.686175115207374,5.0845622119815665,922.5190783410139,63.33870967741935,57.223502304147466,76.06960556844548
