City_long,City_lat,city,pm1.0_atm,pm2.5_atm,pm10.0_atm,pressure,temperature,humidity,voc
-53.05499999999999,-26.081111000000003,Francisco Beltrao,,,,951.5018987341772,64.41350210970464,56.42194092827004,174.50632911392404
-52.46527800000002,-23.073056,Paranavai,3332.541818181817,3332.541818181817,3332.541818181817,,,,
