City_long,City_lat,city,pm1.0_atm,pm2.5_atm,pm10.0_atm,pressure,temperature,humidity,voc
-49.273056,-25.427778,Curitiba,15.638630617977528,19.951376404494383,22.433272471910108,907.2793398876404,72.76404494382022,62.43960674157304,78.29491573033708
-50.382778,-25.874167,Sao Mateus do Sul,8.638998111343561,10.752220013947,11.716920095304513,923.8615450662484,77.1060349837285,53.87694676894468,80.16713514063227
-53.05499999999999,-26.081111,Francisco Beltrao,3331.722426367461,3331.722426367461,3331.722426367461,939.7945021037868,75.4389901823282,61.20617110799439,121.7423141654979
-54.09388899999999,-25.295278,Medianeira,2.718991655076495,3.394325452016689,4.0360013908205845,962.1323783031988,80.69680111265647,56.17385257301808,119.12226703755216
-54.58805600000001,-25.547778,Foz do Iguacu,6.074208333333334,7.582277777777778,8.391874999999999,989.494027777778,81.72083333333333,56.08055555555556,91.95368055555556
-54.05666699999998,-24.556110999999994,Marechal Candido Rondon,1668.7784122562673,1669.260167130919,1669.493335654596,963.0229108635097,76.56545961002786,63.10863509749304,77.99944289693593
-52.465278000000005,-23.073056000000005,Paranavai,3331.9813095238096,3331.9813095238096,3331.9813095238096,,,,
-50.16194400000001,-25.094999999999995,Ponta Grossa,9.6557719054242,13.378574408901253,14.39386648122392,909.3346731571626,73.12517385257301,62.47983310152991,84.69456189151599
