City_long,City_lat,city,pm1.0_atm,pm2.5_atm,pm10.0_atm,pressure,temperature,humidity,voc
-49.27305599999999,-25.427778,Curitiba,14.88781512605042,17.728368347338936,19.21360644257703,912.467324929972,74.03781512605042,61.187675070028014,78.13243697478991
-50.382778,-25.874167,Sao Mateus do Sul,23.704480238757533,32.19990385469788,37.12521648991655,929.5369934418948,73.15193749034152,57.83283785350024,95.52644997875136
-53.05499999999999,-26.081111,Francisco Beltrao,3332.186628407461,3332.186628407461,3332.186628407461,945.0939024390244,77.47632711621233,57.90674318507891,135.76150645624102
-54.093889,-25.295278,Medianeira,12.186706128133704,14.461573816155989,15.624059888579389,966.8609331476324,85.78133704735376,45.12256267409471,137.77976323119776
-54.58805600000001,-25.547778,Foz do Iguacu,14.314791666666668,18.393291666666663,20.49173611111111,994.0504583333334,85.73611111111111,51.96527777777778,115.10913888888888
-54.05666699999998,-24.556110999999994,Marechal Candido Rondon,1673.3646100278552,1674.8526532033427,1675.5505919220054,967.7522701949864,82.81476323119777,48.956824512534816,93.81026462395543
-52.465278000000005,-23.073056000000005,Paranavai,3332.087818181818,3332.087818181818,3332.087818181818,,,,
-50.161944,-25.094999999999995,Ponta Grossa,16.76533333333333,21.743569444444447,23.294701388888885,914.3589444444444,80.00277777777778,51.980555555555554,89.20058333333333
