City_long,City_lat,city,pm1.0_atm,pm2.5_atm,pm10.0_atm,pressure,temperature,humidity,voc
-49.273056,-25.427778,Curitiba,3.1114206128133706,3.742479108635098,4.153899721448468,913.6313509749302,65.72005571030641,71.57660167130919,87.26601671309193
-50.38277800000001,-25.874167,Sao Mateus do Sul,4.514565826330532,5.953221288515406,6.5282913165266105,927.706974789916,70.56442577030812,57.21428571428572,67.20757363253857
-53.055,-26.081111,Francisco Beltrao,3330.8908205841444,3330.8908205841444,3330.8908205841444,947.3835326842838,65.71488178025035,63.845618915159946,90.13769123783032
-54.09388899999999,-25.295278,Medianeira,6.2193324061196105,7.522114047287901,8.705702364394995,970.2959527121002,70.2712100139082,62.1432545201669,176.22670375521557
-54.58805600000001,-25.547778,Foz do Iguacu,10.204027777777778,13.600416666666666,14.796527777777778,998.8162777777776,69.40833333333333,59.1875,115.79305555555555
-54.05666699999999,-24.556111,Marechal Candido Rondon,3332.351815181518,3332.351815181518,3332.351815181518,970.366402640264,72.99009900990099,59.81518151815182,83.36423841059603
-52.465278000000005,-23.073056000000005,Paranavai,3332.038067061144,3332.038067061144,3332.038067061144,,,,
-50.161944,-25.094999999999995,Ponta Grossa,5.373119777158775,6.693593314763231,7.136350974930363,915.4617827298051,74.17270194986072,62.50696378830084,117.88022284122563
