City_long,City_lat,city,pm1.0_atm,pm2.5_atm,pm10.0_atm,pressure,temperature,humidity,voc
-49.273056,-25.427778,Curitiba,3.84176652892562,4.824111570247935,5.256528925619834,912.4246074380164,72.4090909090909,69.78512396694215,94.28528925619835
-48.99111100000001,-24.657222,Adrianopolis,3.4508884297520663,4.293987603305785,5.453367768595041,992.3087603305786,79.7603305785124,70.00826446280992,
-50.382778000000016,-25.874167,Sao Mateus do Sul,7.992675619834711,9.567086776859504,10.411590909090908,927.9072107438016,78.60537190082644,58.50413223140496,69.02545454545455
-53.05499999999999,-26.081111000000007,Francisco Beltrao,2.298512396694215,3.452851239669421,4.008719008264463,943.6968595041322,78.6198347107438,61.47107438016529,143.0982231404959
-54.093889,-25.295278,Medianeira,13.486095041322317,16.60690082644628,18.41351239669421,966.3907438016528,86.54132231404958,53.54545454545455,149.99991735537188
-54.588056000000016,-25.547778,Foz do Iguacu,16.235289256198346,21.403553719008265,25.0703305785124,993.8565702479336,85.90495867768595,45.31818181818182,104.7630165289256
-52.46527800000001,-23.073056,Paranavai,3331.742786885246,3331.742786885246,3331.742786885246,,,,
-50.16194399999999,-25.095000000000002,Ponta Grossa,6.373698347107438,7.905082644628098,8.357685950413224,913.165826446281,73.57851239669421,66.7107438016529,69.48876033057853
