City_long,City_lat,city,pm1.0_atm,pm2.5_atm,pm10.0_atm,pressure,temperature,humidity,voc
-49.27305599999999,-25.427778,Curitiba,2.5544529262086515,3.205699745547073,4.030941475826972,911.6683969465648,70.25445292620866,64.94147582697201,76.93460559796438
-50.382778000000016,-25.874167,Sao Mateus do Sul,5.370848118785116,6.579413582242177,7.246825751075485,928.2095817367592,76.18644655492608,52.90993265003879,64.9165992971156
-53.05499999999999,-26.081111000000003,Francisco Beltrao,3331.897853658537,3331.897853658537,3331.897853658537,943.457463414634,76.40487804878049,58.55609756097561,103.74953658536585
-54.093889,-25.295278,Medianeira,2.930629539951574,3.4942009685230024,3.9545883777239705,965.5170944309928,84.61985472154964,51.34140435835351,104.79355932203391
-54.58805600000001,-25.547778,Foz do Iguacu,6.223446601941746,7.509296116504855,8.597208737864078,992.8962621359224,83.5873786407767,54.592233009708735,90.96291262135922
-54.05666699999998,-24.556111,Marechal Candido Rondon,1667.817839805825,1668.1383009708738,1668.3464077669903,966.4093932038836,80.03883495145631,57.03398058252427,77.70410194174757
-52.46527800000001,-23.073056000000005,Paranavai,3331.666689189189,3331.666689189189,3331.666689189189,,,,
-50.161944000000005,-25.094999999999995,Ponta Grossa,1.0369733656174334,1.4973244552058111,1.91544794188862,913.34598062954,72.9225181598063,60.46731234866828,62.87254237288136
