City_long,City_lat,city,pm1.0_atm,pm2.5_atm,pm10.0_atm,pressure,temperature,humidity,voc
-49.273056,-25.427778,Curitiba,18.69140167364017,23.861276150627614,27.73336820083682,910.80359832636,78.69177126917712,59.28591352859135,97.57588563458856
-50.382778,-25.874167,Sao Mateus do Sul,18.24822041125792,23.38058490283573,25.878654207232263,927.1177618316336,78.17936273373513,52.96351027661876,92.66721267964763
-53.05499999999999,-26.081111000000003,Francisco Beltrao,3331.349914893617,3331.349914893617,3331.349914893617,942.5362836879434,79.87234042553192,57.04964539007092,146.84171631205672
-54.093889,-25.295278,Medianeira,6.434014184397163,7.69318439716312,8.679439716312057,964.113120567376,90.13333333333334,42.37872340425532,158.59398581560285
-54.58805600000001,-25.547778,Foz do Iguacu,8.622333333333334,10.845597222222224,12.112888888888888,990.8510833333332,88.41111111111111,47.58888888888889,92.33669444444445
-54.056667,-24.556110999999994,Marechal Candido Rondon,1415.7082916666666,1416.7685069444444,1417.546375,965.6210555555556,87.64166666666667,47.50694444444444,98.67448611111112
-52.46527799999999,-23.07305600000001,Paranavai,3332.210798816568,3332.210798816568,3332.210798816568,,,,
-50.161944,-25.094999999999995,Ponta Grossa,15.844083333333334,21.5548125,23.832208333333337,912.9504583333332,79.05555555555556,56.98333333333333,89.86270833333333
