City_long,City_lat,city,pm1.0_atm,pm2.5_atm,pm10.0_atm,pressure,temperature,humidity,voc
-49.273056,-25.427778,Curitiba,14.63048433048433,18.02920227920228,19.76396011396012,911.1367806267808,73.12962962962963,58.668091168091166,83.56980056980056
-50.382778,-25.874167000000003,Sao Mateus do Sul,11.015694444444446,13.472569444444446,14.54923611111111,926.9502708333332,77.61041666666667,48.44583333333333,96.19930555555555
-53.055,-26.081111,Francisco Beltrao,3331.0410662824206,3331.0410662824206,3331.0410662824206,941.0194524495678,75.89193083573487,57.31412103746398,142.43948126801152
-54.09388899999999,-25.295278,Medianeira,5.49887482419128,6.811814345991561,7.962587904360055,962.0948382559776,84.71026722925457,43.10407876230661,141.41350210970464
-54.58805600000001,-25.547778,Foz do Iguacu,8.001527777777778,10.763333333333334,12.47472222222222,988.8229583333334,85.42916666666666,47.01111111111111,93.3638888888889
-54.056667,-24.556110999999994,Marechal Candido Rondon,2106.968472222222,2107.619583333333,2108.7704166666667,964.0796527777776,81.70555555555555,48.22361111111111,85.88055555555556
-52.465278000000005,-23.073056,Paranavai,3331.889587426326,3331.889587426326,3331.889587426326,,,,
-50.16194400000001,-25.094999999999995,Ponta Grossa,15.837830319888734,21.6653685674548,23.526981919332407,913.1692211404728,74.82336578581364,54.95410292072323,96.5326842837274
