City_long,City_lat,city,pm1.0_atm,pm2.5_atm,pm10.0_atm,pressure,temperature,humidity,voc
-49.273056,-25.427778,Curitiba,2.33624531835206,2.9894101123595505,3.5613764044943816,914.7289700374532,71.75468164794007,69.99250936329588,94.37895131086142
-50.38277800000001,-25.874167,Sao Mateus do Sul,5.325291751787539,6.456269471399388,7.43841153813415,930.3153994296902,79.54845505617978,54.78172880490296,79.53559137725571
-53.05499999999999,-26.081111000000003,Francisco Beltrao,0.9767330677290836,1.5158167330677292,1.891633466135458,944.5842629482072,80.68924302788845,56.95219123505976,155.9990438247012
-54.09388899999999,-25.295278,Medianeira,4.012294776119403,4.966007462686567,5.748451492537313,965.5058582089551,92.4776119402985,38.59328358208956,98.71201492537314
-54.588056000000016,-25.547778,Foz do Iguacu,6.173595505617978,7.461086142322098,8.387191011235956,992.1731460674156,94.66666666666669,41.048689138576776,87.26415730337078
-54.05666699999999,-24.556111,Marechal Candido Rondon,45.235449438202245,46.12385767790262,47.56058052434457,966.6423970037454,86.98876404494382,47.26966292134831,61.4449063670412
-52.383056,-24.045556,Campo Mourao,8.060000000000002,9.431067415730338,10.817022471910112,947.1669662921348,82.66666666666667,54.38951310861423,79.37685393258428
-52.465277999999984,-23.073056,Paranavai,3327.4684705882355,3327.471294117647,3327.476352941176,,,,
-50.16194399999999,-25.095,Ponta Grossa,6.446554307116104,7.851273408239701,8.917116104868914,915.0029588014982,74.22846441947566,64.86142322097378,71.1743445692884
