City_long,City_lat,city,pm1.0_atm,pm2.5_atm,pm10.0_atm,pressure,temperature,humidity,voc
-53.05499999999999,-26.081111,Francisco Beltrao,,,,944.979902506964,75.18523676880223,61.15598885793872,126.75596072931276
-52.46527800000001,-23.073056000000005,Paranavai,3300.844158415842,3300.844158415842,3300.844158415842,,,,
