City_long,City_lat,city,pm1.0_atm,pm2.5_atm,pm10.0_atm,pressure,temperature,humidity,voc
-53.05499999999999,-26.081111,Francisco Beltrao,,,,951.4025348189416,73.85376044568245,50.05153203342618,165.9216783216783
-54.056667,-24.556110999999994,Marechal Candido Rondon,3326.727361111112,3326.727361111112,3326.727361111112,974.3456666666668,82.5736111111111,33.37916666666667,90.65416666666668
