City_long,City_lat,city,pm1.0_atm,pm2.5_atm,pm10.0_atm,pressure,temperature,humidity,voc
-49.273056,-25.427778,Curitiba,15.903072625698323,19.792877094972063,22.65837988826816,913.014594972067,72.94134078212291,67.16340782122904,100.6536312849162
-50.382778,-25.874167,Sao Mateus do Sul,4.046368799258229,5.140826089476124,5.976417091639624,929.5170759542574,78.52188997063823,56.342879771287286,93.26080300571782
-53.05499999999999,-26.081111,Francisco Beltrao,3331.268731563422,3331.268731563422,3331.268731563422,945.8798230088496,79.32890855457227,59.46607669616519,153.42477876106196
-54.09388899999999,-25.295278000000003,Medianeira,1.9032167832167832,2.49076923076923,2.955804195804196,968.0194405594406,85.96783216783217,46.69370629370629,155.4909090909091
-54.58805600000001,-25.547778,Foz do Iguacu,4.323194444444444,5.961250000000001,6.983194444444444,995.4595555555557,82.67083333333333,52.49305555555556,137.48194444444445
-54.056667,-24.556110999999994,Marechal Candido Rondon,1667.4163888888886,1667.772222222222,1668.0679166666666,968.895888888889,84.88194444444444,49.69444444444444,97.85694444444444
-52.465278,-23.07305600000001,Paranavai,3331.0887912087915,3331.0887912087915,3331.0896703296708,,,,
-50.161944,-25.094999999999995,Ponta Grossa,4.51375,5.655138888888889,6.249305555555556,915.3334722222224,76.79861111111111,59.80416666666667,95.98333333333332
