City_long,City_lat,city,pm1.0_atm,pm2.5_atm,pm10.0_atm,pressure,temperature,humidity,voc
-49.273056,-25.427778,Curitiba,4.901909432467933,6.125954508576728,6.595484836192242,909.7211069289908,79.52280076495133,59.920899976819655,87.66735744089014
-50.38277800000001,-25.874167,Sao Mateus do Sul,7.913131683526012,9.68267196531792,10.459732237475915,924.7724064306358,85.09417148362235,49.92199341682724,71.80362500000001
-53.05499999999999,-26.081111000000003,Francisco Beltrao,7.390930555555556,8.812569444444444,9.449486111111112,939.6332777777776,89.54444444444445,48.91111111111111,111.09561111111113
-54.093889,-25.295278000000003,Medianeira,4.493548611111112,5.279458333333333,5.756756944444444,961.3123333333332,98.50833333333334,38.56388888888889,109.274
-54.58805600000001,-25.547778,Foz do Iguacu,7.729840277777779,9.606909722222223,10.792215277777778,987.761625,98.45555555555556,40.583333333333336,84.2034861111111
-54.056666999999976,-24.556111,Marechal Candido Rondon,5.514735744089013,6.48452016689847,6.943824756606397,962.4752712100138,92.18636995827538,45.33796940194715,81.3244645340751
-52.383056,-24.045556,Campo Mourao,3.887555555555555,4.447864583333333,4.945072916666666,944.1526805555554,89.09166666666667,46.56111111111111,80.90515972222224
-50.16194400000001,-25.094999999999995,Ponta Grossa,5.225591098748262,6.337885952712101,6.865737134909597,910.396147426982,80.27677329624478,57.791376912378304,86.75959666203062
-51.162778,-23.310278,Londrina,2.0737109375,2.6275781250000003,3.0734375,949.366171875,86.7890625,49.4375,111.31277777777778
