City_long,City_lat,city,pm1.0_atm,pm2.5_atm,pm10.0_atm,pressure,temperature,humidity,voc
-49.273056,-25.427778,Curitiba,3.0836492890995264,3.676303317535545,4.187440758293839,912.8502843601894,68.67298578199052,71.33649289099526,102.22985781990522
-50.38277800000001,-25.874167000000003,Sao Mateus do Sul,3.270990566037736,4.2271226415094345,4.826650943396227,927.4262971698112,69.96933962264151,58.75235849056604,65.9622641509434
-54.093889,-25.295278000000003,Medianeira,4.643262411347518,5.809219858156029,7.4815602836879425,970.7832624113476,68.25059101654847,63.2033096926714,181.7943262411348
-54.588056000000016,-25.547778,Foz do Iguacu,9.4625,12.554481132075471,13.601415094339623,999.451108490566,67.76886792452831,60.153301886792455,111.88443396226415
-50.16194399999999,-25.095,Ponta Grossa,5.493632075471699,6.594575471698113,6.949528301886794,915.2603066037736,74.05660377358491,63.94103773584906,128.59198113207546
