City_long,City_lat,city,pm1.0_atm,pm2.5_atm,pm10.0_atm,pressure,temperature,humidity,voc
-53.055,-26.081111,Francisco Beltrao,,,,945.8104450625868,70.68289290681503,57.49095966620306,119.7715877437326
-54.588056000000016,-25.547778,Foz do Iguacu,1.933119658119658,3.0047008547008547,3.652564102564103,997.2292948717948,73.80555555555556,48.6965811965812,121.18454935622316
-52.465278000000005,-23.073056000000005,Paranavai,3332.200787401575,3332.200787401575,3332.200787401575,,,,
