City_long,City_lat,city,pm1.0_atm,pm2.5_atm,pm10.0_atm,pressure,temperature,humidity,voc
-53.05499999999999,-26.081111000000003,Francisco Beltrao,,,,943.1529545454546,76.81818181818181,69.37878787878788,134.09541984732823
-54.58805600000001,-25.547778,Foz do Iguacu,5.383333333333334,6.899242424242424,7.597348484848486,992.823068181818,84.43939393939394,59.45075757575758,116.20532319391636
-52.465277999999984,-23.073056,Paranavai,3331.4797619047627,3331.4797619047627,3331.4797619047627,,,,
