City_long,City_lat,city,pm1.0_atm,pm2.5_atm,pm10.0_atm,pressure,temperature,humidity,voc
-49.273056,-25.427778,Curitiba,2.249640625,2.650796875,3.08353125,912.0453125,75.046875,67.178125,94.061875
-48.991111,-24.657222,Adrianopolis,4.73251572327044,5.658805031446541,6.521776729559748,993.3224213836476,79.71069182389937,64.76100628930817,
-50.382778,-25.874167,Sao Mateus do Sul,4.472858255451714,5.43506230529595,6.105490654205607,928.9306697819316,79.1417445482866,57.50934579439252,76.64143302180685
-53.055,-26.081111,Francisco Beltrao,3331.227868852459,3331.227868852459,3331.227868852459,943.873737704918,81.62950819672132,59.81967213114754,162.28710526315788
-54.093889,-25.295278,Medianeira,4.804375,5.551671875,6.02559375,965.51003125,89.753125,51.19375,150.74771875000002
-54.58805600000001,-25.547778,Foz do Iguacu,8.540716510903426,10.513956386292833,11.561806853582551,992.3418380062304,89.28660436137072,53.66666666666666,121.63791277258568
-52.46527800000001,-23.073056,Paranavai,3331.415467625899,3331.415467625899,3331.415467625899,,,,
-50.161944000000005,-25.095,Ponta Grossa,2.2981619937694706,2.8034579439252334,3.170295950155764,913.9539252336448,75.33021806853583,63.34890965732088,83.34105919003115
