City_long,City_lat,city,pm1.0_atm,pm2.5_atm,pm10.0_atm,pressure,temperature,humidity,voc
-49.273056,-25.427778,Curitiba,6.588725626740947,7.897806406685237,8.999881615598886,910.5166295264625,82.1824512534819,53.862116991643454,97.72040389972145
-48.991111,-24.65722199999999,Adrianopolis,12.57481012658228,15.310281293952182,17.494444444444447,991.3229395218,85.47679324894514,55.67932489451477,
-50.382778,-25.874167000000003,Sao Mateus do Sul,9.975458333333332,12.068055555555556,13.312267361111113,927.1114097222224,86.31666666666666,47.77916666666667,69.3384375
-53.05499999999999,-26.081111,Francisco Beltrao,3329.082901408451,3329.082901408451,3328.997549295775,943.357,84.08028169014085,59.89295774647887,131.7338028169014
-54.09388899999999,-25.295278,Medianeira,3.634770514603617,4.364645340751043,4.833205841446453,965.229986091794,93.48122392211404,48.648122392211405,138.24075104311544
-54.58805600000001,-25.547778,Foz do Iguacu,8.703588317107092,10.82094575799722,12.213685674547982,992.1079694019472,90.769123783032,53.61752433936022,110.35873435326842
-52.46527800000001,-23.073056,Paranavai,3332.1073913043474,3332.1073913043474,3332.1073913043474,,,,
-50.161944,-25.094999999999995,Ponta Grossa,8.706194444444444,10.632826388888889,11.341104166666668,912.7210277777776,83.95833333333333,53.30972222222222,98.23215277777776
