City_long,City_lat,city,pm1.0_atm,pm2.5_atm,pm10.0_atm,pressure,temperature,humidity,voc
-53.05499999999999,-26.081111,Francisco Beltrao,,,,941.339563994374,85.32489451476793,48.579465541490855,88.74225352112676
-54.58805600000001,-25.547778,Foz do Iguacu,8.782475660639777,12.044645340751044,14.415577190542422,989.9312656467316,91.74965229485396,43.013908205841446,93.34217877094972
-54.056667,-24.556110999999994,Marechal Candido Rondon,3317.66625,3317.66625,3317.66625,963.909236111111,85.82916666666667,49.702777777777776,75.46805555555555
-52.465278000000005,-23.073056000000005,Paranavai,3316.7650980392154,3316.7650980392154,3316.7650980392154,,,,
