City_long,City_lat,city,pm1.0_atm,pm2.5_atm,pm10.0_atm,pressure,temperature,humidity,voc
-49.273056,-25.427778,Curitiba,8.661744022503516,10.082278481012658,10.852039381153306,915.7838818565402,68.9549929676512,66.81434599156118,85.91549295774648
-50.38277800000001,-25.874167,Sao Mateus do Sul,10.840672324315127,13.955665837161815,15.427935596392718,932.4023920899268,71.16692615279905,59.293610685724005,73.20456334013953
-53.05499999999999,-26.081111,Francisco Beltrao,3392.657532281205,3392.657532281205,3392.657532281205,947.531506456241,68.6025824964132,64.67144906743185,122.84074605451936
-54.093889,-25.295278000000003,Medianeira,6.443749999999999,7.758888888888888,8.663055555555555,968.9030555555556,80.41111111111111,55.92777777777778,82.40138888888889
-54.58805600000001,-25.547778,Foz do Iguacu,5.2071229050279335,6.781284916201117,7.590223463687152,996.089497206704,78.5,55.29608938547486,82.06424581005587
-54.05666699999999,-24.556111,Marechal Candido Rondon,3327.3619246861927,3327.3619246861927,3327.3619246861927,970.180669456067,78.88423988842399,56.99023709902371,70.66666666666667
-52.465278000000005,-23.073056000000005,Paranavai,3332.06875,3332.06875,3332.06875,,,,
-50.161944,-25.094999999999995,Ponta Grossa,11.501249999999999,14.669444444444444,15.761666666666667,917.8380416666665,71.82638888888889,63.03194444444444,95.88472222222222
