City_long,City_lat,city,pm1.0_atm,pm2.5_atm,pm10.0_atm,pressure,temperature,humidity,voc
-49.273056,-25.427778,Curitiba,4.7438125,6.188986111111111,6.820333333333333,914.1384375,81.0625,59.58472222222223,85.29275000000001
-48.991111,-24.657222,Adrianopolis,4.383377437325905,5.252172701949862,6.0157451253481895,993.159164345404,90.84679665738162,51.14206128133705,
-50.382778,-25.874167000000003,Sao Mateus do Sul,5.801913194444445,7.114826388888889,7.986958333333334,929.5306458333332,87.24166666666667,46.62013888888889,69.69232638888889
-53.055,-26.081111,Francisco Beltrao,0.434673157162726,0.7433936022253129,0.9410152990264256,945.185271210014,90.31015299026426,46.086230876216966,128.83847009735743
-54.093889,-25.295278000000003,Medianeira,3.3398888888888894,4.240173611111111,4.959194444444444,966.8244305555556,98.25,34.388888888888886,135.80881944444445
-54.58805600000001,-25.547778,Foz do Iguacu,7.492350486787204,9.15344923504868,10.343922114047288,993.4648956884562,98.73713490959666,34.58275382475661,103.90447844228096
-54.056667,-24.556110999999994,Marechal Candido Rondon,25.287479166666664,26.28880555555556,27.492548611111115,967.663638888889,95.66388888888888,36.41388888888889,98.1361111111111
-52.383056,-24.045556000000005,Campo Mourao,3.5744351464435145,4.44968619246862,5.549016736401674,947.8151743375174,89.45885634588564,41.73919107391911,76.34953974895397
-50.161944,-25.094999999999995,Ponta Grossa,4.480944444444444,5.700180555555556,6.477840277777778,914.690013888889,89.35,45.72222222222222,87.33176388888889
