City_long,City_lat,city,pm1.0_atm,pm2.5_atm,pm10.0_atm,pressure,temperature,humidity,voc
-53.05499999999999,-26.081111000000003,Francisco Beltrao,,,,953.5088194444444,62.609722222222224,53.10833333333333,145.15782122905028
-54.056667,-24.556111,Marechal Candido Rondon,3395.601976935749,3395.601976935749,3395.601976935749,976.7649917627676,72.31960461285009,44.67710049423394,107.05766062602966
