City_long,City_lat,city,pm1.0_atm,pm2.5_atm,pm10.0_atm,pressure,temperature,humidity,voc
-49.273056,-25.427778,Curitiba,9.253055555555555,11.20388888888889,12.216527777777776,914.0770972222224,75.65555555555555,57.03333333333333,80.79583333333333
-50.382778,-25.874167000000003,Sao Mateus do Sul,15.459722222222222,20.325347222222224,22.99798611111111,930.7351666666668,75.45277777777778,51.7,82.88125
-53.055,-26.081111,Francisco Beltrao,3331.0808908045983,3331.0808908045983,3331.0808908045983,945.9060344827589,75.33764367816092,58.00862068965517,168.91810344827587
-54.093889,-25.295278000000003,Medianeira,6.831527777777778,8.183611111111112,9.130694444444446,967.4759166666664,83.91111111111111,45.9,108.42777777777778
-54.58805600000001,-25.547778,Foz do Iguacu,9.265646731571628,12.201668984700971,13.67746870653686,994.4852016689848,85.2739916550765,46.307371349095966,108.13351877607788
-54.056667,-24.556110999999994,Marechal Candido Rondon,1670.0126388888891,1670.7363888888892,1671.1715277777778,968.5694583333334,82.19583333333334,48.31527777777778,83.54583333333333
-50.161944,-25.094999999999995,Ponta Grossa,10.794444444444444,13.595416666666663,14.44125,916.0200138888888,76.64583333333333,54.58611111111111,87.24583333333334
