City_long,City_lat,city,pm1.0_atm,pm2.5_atm,pm10.0_atm,pressure,temperature,humidity,voc
-53.05499999999999,-26.081111,Francisco Beltrao,,,,932.500406732118,76.90462833099579,66.0617110799439,87.25525946704067
-54.056667,-24.556110999999994,Marechal Candido Rondon,3331.9820833333333,3331.9820833333333,3331.9820833333333,958.4085972222222,84.31944444444444,50.56666666666667,59.769444444444446
-52.465278000000005,-23.073056,Paranavai,3332.1420318725104,3332.1420318725104,3332.1420318725104,,,,
