City_long,City_lat,city,pm1.0_atm,pm2.5_atm,pm10.0_atm,pressure,temperature,humidity,voc
-49.273056,-25.427778,Curitiba,1.813056835637481,2.156221198156682,2.3210445468509984,911.0215668202766,64.12442396313364,71.05837173579108,67.93846153846154
-50.38277800000001,-25.874167,Sao Mateus do Sul,6.054632901721875,7.556752335990911,8.12198711042332,928.2079009187252,70.44436913553645,55.70855942329918,70.69729937560199
-53.05499999999999,-26.081111,Francisco Beltrao,3391.977699859747,3391.977699859747,3391.977699859747,945.892412342216,67.2047685834502,55.49228611500701,99.0687237026648
-54.09388900000001,-25.295278000000003,Medianeira,7.108426966292135,8.82064606741573,10.353089887640447,969.9105477528092,66.92275280898876,57.950842696629216,96.72050561797752
-54.58805600000001,-25.547778,Foz do Iguacu,9.570833333333333,13.004027777777775,14.340833333333332,998.7708333333334,68.54583333333333,54.05138888888889,92.8375
-54.056667,-24.556111,Marechal Candido Rondon,3362.7666666666664,3362.756113902848,3362.7996649916245,970.2005695142378,72.54941373534338,49.462311557788944,75.9310924369748
-52.465278000000005,-23.073056,Paranavai,3356.0557729941293,3356.0557729941293,3356.0557729941293,,,,
-50.16194400000001,-25.094999999999995,Ponta Grossa,3.1283727399165504,3.8852573018080667,4.160222531293463,912.8410709318498,70.66898470097358,59.719054242002784,83.85952712100139
