City_long,City_lat,city,pm1.0_atm,pm2.5_atm,pm10.0_atm,pressure,temperature,humidity,voc
-49.273056,-25.427778,Curitiba,6.344755244755245,7.511188811188811,7.973776223776224,915.5778671328673,66.93706293706293,69.23776223776224,97.5944055944056
-50.382778000000016,-25.874167,Sao Mateus do Sul,19.854212943918824,25.728822158233925,27.78371383518443,932.6377121897708,70.30261894967778,62.56410256410257,81.42987567987569
-53.055,-26.081111,Francisco Beltrao,3330.887455197133,3330.887455197133,3330.887455197133,947.9265591397848,67.52688172043011,69.13978494623656,189.62007168458783
-54.09388899999999,-25.295278,Medianeira,4.394055944055944,5.224475524475523,5.611888111888112,969.4503146853148,72.36363636363636,59.67132867132867,190.8986013986014
-54.588056,-25.547778,Foz do Iguacu,5.045104895104895,6.725874125874125,7.484965034965034,997.194125874126,74.15034965034965,56.81818181818182,94.43006993006992
-54.05666699999999,-24.556111,Marechal Candido Rondon,3332.192657342657,3332.192657342657,3332.192657342657,970.331958041958,71.91958041958041,60.95804195804196,62.62237762237762
-52.46527799999999,-23.07305600000001,Paranavai,3332.042857142857,3332.042857142857,3332.042857142857,,,,
-50.161944,-25.095,Ponta Grossa,7.427368421052632,9.052280701754384,9.468421052631578,917.5675789473684,68.16491228070176,67.16491228070176,88.08421052631579
