City_long,City_lat,city,pm1.0_atm,pm2.5_atm,pm10.0_atm,pressure,temperature,humidity,voc
-53.05499999999999,-26.081111,Francisco Beltrao,,,,940.0856424581008,85.62290502793296,56.108938547486034,90.63165266106442
-54.588056,-25.547778,Foz do Iguacu,10.279333333333335,14.550666666666666,17.37822222222222,989.4955777777778,87.12,55.84444444444444,114.579418344519
-52.465278000000005,-23.073056,Paranavai,3273.2835671342687,3273.2835671342687,3273.2835671342687,,,,
