City_long,City_lat,city,pm1.0_atm,pm2.5_atm,pm10.0_atm,pressure,temperature,humidity,voc
-53.05499999999999,-26.081111,Francisco Beltrao,,,,941.9584217877094,88.55865921787709,60.20949720670391,82.22268907563026
-54.58805600000001,-25.547778,Foz do Iguacu,1.0436717663421418,1.5899860917941584,2.096383866481224,990.2191376912376,95.19471488178026,50.34631432545201,79.88951048951049
-54.056666999999976,-24.556111,Marechal Candido Rondon,3285.593324061196,3285.593324061196,3285.593324061196,964.8877468706536,91.2614742698192,54.15299026425591,90.90389972144848
-52.465278000000005,-23.073056,Paranavai,3258.148133595285,3258.148133595285,3258.148133595285,,,,
