City_long,City_lat,city,pm1.0_atm,pm2.5_atm,pm10.0_atm,pressure,temperature,humidity,voc
-49.273056,-25.427778,Curitiba,6.178166144200626,7.586802507836992,9.026771159874608,909.6266771159876,74.2037617554859,68.61755485893417,92.75905956112854
-50.38277800000001,-25.874167,Sao Mateus do Sul,6.1853203125,7.6561796875,8.4847890625,926.467078125,78.53125,60.2890625,76.267921875
-53.05500000000001,-26.081111,Francisco Beltrao,3331.835967741936,3331.835967741936,3331.835967741936,943.9652903225806,70.89032258064516,61.1258064516129,128.84393548387095
-54.093889,-25.295278,Medianeira,3.55678125,4.322375,4.769703125,967.23396875,78.375,48.584375,100.169125
-54.58805600000001,-25.547778,Foz do Iguacu,9.417750000000002,11.9271875,13.16196875,995.370625,74.3125,58.084375,107.372625
-54.05666699999999,-24.556111,Marechal Candido Rondon,1600.9025156249998,1601.30725,1601.4843906250003,967.927875,78.65,47.71875,70.64184374999999
-52.46527800000001,-23.073056,Paranavai,3331.71381294964,3331.71381294964,3331.71381294964,,,,
-50.161944,-25.095,Ponta Grossa,5.0465,6.127187500000001,6.671000000000001,912.0008437499998,75.975,66.175,89.18815625
