City_long,City_lat,city,pm1.0_atm,pm2.5_atm,pm10.0_atm,pressure,temperature,humidity,voc
-49.273056,-25.427778,Curitiba,4.349175977653632,5.068763966480447,5.818805865921787,911.565879888268,70.76396648044692,58.56564245810056,75.38652234636872
-50.382778,-25.874167,Sao Mateus do Sul,13.489659562857362,16.72029632205223,18.28384227225313,928.6567749092104,71.37686505176944,50.73328407510431,78.11149370267347
-53.05499999999999,-26.081111,Francisco Beltrao,3394.488061797753,3394.488061797753,3394.488061797753,944.6533146067416,70.95084269662921,49.18258426966292,107.08907303370786
-54.09388899999999,-25.295278,Medianeira,2.898623087621697,3.781648122392212,4.288699582753824,967.1791655076496,80.3393602225313,39.58136300417246,126.33970792767732
-54.05666699999999,-24.556111,Marechal Candido Rondon,1443.007531380753,1443.7465062761505,1444.2940376569038,967.8644490934448,80.78521617852162,38.11018131101813,120.25573221757324
-52.465278000000005,-23.073056000000005,Paranavai,3333.000334645669,3333.000570866142,3332.886062992126,,,,
-50.161944,-25.094999999999995,Ponta Grossa,8.914131944444446,11.3214375,12.213034722222222,913.3189166666666,75.56388888888888,48.980555555555554,75.41786111111111
