City_long,City_lat,city,pm1.0_atm,pm2.5_atm,pm10.0_atm,pressure,temperature,humidity,voc
-53.05499999999999,-26.081111000000003,Francisco Beltrao,,,,942.123695652174,77.79565217391304,58.88695652173913,97.79039301310044
-54.09388899999999,-25.295278000000003,Medianeira,1654.290829694323,1654.4078602620089,1654.5183406113536,965.6955895196504,81.8122270742358,55.799126637554586,85.21491228070175
-54.588056,-25.547778,Foz do Iguacu,1.807792207792208,2.693506493506493,3.2259740259740264,993.3875757575756,82.84848484848484,53.125541125541126,77.42857142857143
-52.46527799999999,-23.07305600000001,Paranavai,3332.359296482412,3332.359296482412,3332.359296482412,,,,
