City_long,City_lat,city,pm1.0_atm,pm2.5_atm,pm10.0_atm,pressure,temperature,humidity,voc
-53.05499999999999,-26.081111,Francisco Beltrao,,,,947.4909116409538,69.5750350631136,60.33099579242637,102.31926863572431
-54.58805600000001,-25.547778,Foz do Iguacu,15.159027777777778,21.758055555555558,25.50986111111111,997.7047777777778,77.03472222222223,57.18472222222222,112.98324022346368
-54.056666999999976,-24.556110999999998,Marechal Candido Rondon,,,,970.8072183588316,81.29346314325451,45.55910987482615,86.05439330543933
