City_long,City_lat,city,pm1.0_atm,pm2.5_atm,pm10.0_atm,pressure,temperature,humidity,voc
-53.055,-26.081111,Francisco Beltrao,,,,952.3505841446454,67.84561891515995,61.39221140472879,105.12167832167832
-54.58805600000001,-25.547778,Foz do Iguacu,7.9875,10.867777777777778,12.02236111111111,1002.4703333333332,75.9888888888889,56.16111111111111,92.24930362116991
-54.056666999999976,-24.556111,Marechal Candido Rondon,,,,975.1388038942976,79.01390820584145,45.42002781641168,82.17802503477051
-52.465278000000005,-23.073056000000005,Paranavai,,,,,,,
