City_long,City_lat,city,pm1.0_atm,pm2.5_atm,pm10.0_atm,pressure,temperature,humidity,voc
-53.055,-26.081111,Francisco Beltrao,,,,950.8773157162726,68.18915159944368,61.70653685674548,92.22957746478872
-54.58805600000001,-25.547778,Foz do Iguacu,9.049027777777775,12.556944444444444,13.902361111111112,1001.3553333333332,75.40277777777777,59.7125,99.63040446304043
-54.056667,-24.556110999999994,Marechal Candido Rondon,,,,973.9150555555556,79.66666666666667,46.85833333333333,85.2865090403338
-52.465278000000005,-23.073056000000005,Paranavai,,,,,,,
