City_long,City_lat,city,pm1.0_atm,pm2.5_atm,pm10.0_atm,pressure,temperature,humidity,voc
-53.05499999999999,-26.081111,Francisco Beltrao,,,,940.4127906976744,77.53343023255815,74.98401162790698,96.01453488372093
-54.58805600000001,-25.547778,Foz do Iguacu,4.715020862308762,6.26509040333797,6.99777468706537,990.7132823365786,83.0375521557719,67.23504867872045,107.03899721448468
