City_long,City_lat,city,pm1.0_atm,pm2.5_atm,pm10.0_atm,pressure,temperature,humidity,voc
-53.055,-26.081111,Francisco Beltrao,,,,941.315243393602,68.77746870653685,67.81780250347705,95.01117318435756
-54.58805600000001,-25.547778,Foz do Iguacu,3.872638888888889,5.773194444444444,6.884444444444445,993.8133194444443,71.51666666666667,63.10694444444445,92.94125874125874
-54.056667,-24.556110999999994,Marechal Candido Rondon,,,,966.6021805555556,72.49166666666666,60.520833333333336,69.86527777777778
-52.465278000000005,-23.073056000000005,Paranavai,,,,,,,
