City_long,City_lat,city,pm1.0_atm,pm2.5_atm,pm10.0_atm,pressure,temperature,humidity,voc
-53.05499999999999,-26.081111000000003,Francisco Beltrao,,,,943.238375,73.64722222222223,67.05694444444444,78.28094575799722
-54.58805600000001,-25.547778,Foz do Iguacu,9.200138888888889,12.562083333333334,14.103333333333332,993.5087361111111,78.72638888888889,60.81111111111111,115.29805013927576
-54.056667,-24.556110999999994,Marechal Candido Rondon,,,,966.8315416666668,79.96111111111111,62.111111111111114,83.5424200278164
