City_long,City_lat,city,pm1.0_atm,pm2.5_atm,pm10.0_atm,pressure,temperature,humidity,voc
-53.05499999999999,-26.081111,Francisco Beltrao,,,,939.0978873239436,79.41971830985915,60.625352112676055,97.87835926449787
-54.58805600000001,-25.547778,Foz do Iguacu,3.269541029207232,4.5707927677329625,5.434492350486788,987.04702364395,89.65090403337969,47.744089012517385,72.97206703910615
-52.465278000000005,-23.073056,Paranavai,3331.985059760956,3331.985059760956,3331.985059760956,,,,
