City_long,City_lat,city,pm1.0_atm,pm2.5_atm,pm10.0_atm,pressure,temperature,humidity,voc
-53.05499999999999,-26.081111000000007,Francisco Beltrao,,,,949.5705327868852,54.85655737704918,65.40983606557377,61.1275720164609
-54.588056000000016,-25.547778,Foz do Iguacu,7.903265306122449,11.064897959183671,12.391020408163264,999.73693877551,65.16326530612245,62.28163265306122,78.25714285714285
-52.465278000000005,-23.073056000000005,Paranavai,,,,,,,
