City_long,City_lat,city,pm1.0_atm,pm2.5_atm,pm10.0_atm,pressure,temperature,humidity,voc
-53.05499999999998,-26.081111000000007,Francisco Beltrao,,,,949.3401310043668,69.26637554585153,67.97379912663756,101.94505494505496
-54.588056000000016,-25.547778,Foz do Iguacu,15.553159041394334,21.986492374727668,25.38257080610021,1001.0645751633988,72.12200435729848,61.39869281045752,108.70240700218818
-54.056666999999976,-24.556110999999998,Marechal Candido Rondon,,,,973.2680610021786,74.93464052287581,57.4640522875817,78.08078602620087
