City_long,City_lat,city,pm1.0_atm,pm2.5_atm,pm10.0_atm,pressure,temperature,humidity,voc
-53.05499999999999,-26.081111,Francisco Beltrao,,,,948.9659243697478,67.687675070028,68.56022408963585,81.27591036414566
-54.58805600000001,-25.547778,Foz do Iguacu,6.007638888888889,8.37125,9.2575,999.933625,75.33472222222223,61.0625,83.07660167130919
-54.056667,-24.556110999999994,Marechal Candido Rondon,,,,972.210736111111,79.50555555555556,53.855555555555554,72.95543175487465
-52.46527800000001,-23.073056000000005,Paranavai,,,,,,,
