City_long,City_lat,city,pm1.0_atm,pm2.5_atm,pm10.0_atm,pressure,temperature,humidity,voc
-53.05499999999999,-26.081111000000003,Francisco Beltrao,,,,947.3351527777776,71.42777777777778,65.5111111111111,81.5980528511822
-54.58805600000001,-25.547778,Foz do Iguacu,10.841307371349096,14.933796940194718,16.70250347705146,997.883866481224,74.76216968011127,62.52990264255911,93.97625698324022
-54.056667,-24.556110999999994,Marechal Candido Rondon,,,,970.4615694444445,80.05,56.94861111111111,80.19777158774373
