City_long,City_lat,city,pm1.0_atm,pm2.5_atm,pm10.0_atm,pressure,temperature,humidity,voc
-53.055,-26.081111,Francisco Beltrao,,,,947.0335285913528,75.1255230125523,62.05160390516039,98.30239099859352
-54.58805600000001,-25.547778,Foz do Iguacu,5.061111111111111,6.6402777777777775,7.337916666666668,997.3030416666666,79.63888888888889,61.87222222222222,80.46304044630405
