City_long,City_lat,city,pm1.0_atm,pm2.5_atm,pm10.0_atm,pressure,temperature,humidity,voc
-53.05499999999999,-26.081111,Francisco Beltrao,,,,940.7182375478928,61.50574712643678,69.50191570881226,69.08171206225681
-54.58805600000001,-25.547778,Foz do Iguacu,1.8302681992337164,2.5720306513409965,2.9222222222222225,989.4819540229886,72.3639846743295,59.60919540229885,82.09765625
-52.465278,-23.073056000000005,Paranavai,,,,,,,
