City_long,City_lat,city,pm1.0_atm,pm2.5_atm,pm10.0_atm,pressure,temperature,humidity,voc
-53.05499999999999,-26.081111,Francisco Beltrao,,,,946.7525910364149,57.84453781512605,59.0406162464986,92.16455696202532
-54.58805600000001,-25.547778,Foz do Iguacu,6.017777777777778,8.80236111111111,10.676805555555555,1000.3443611111112,61.859722222222224,56.57083333333333,88.53072625698324
-52.465278000000005,-23.073056000000005,Paranavai,,,,,,,
