City_long,City_lat,city,pm1.0_atm,pm2.5_atm,pm10.0_atm,pressure,temperature,humidity,voc
-53.055,-26.081111,Francisco Beltrao,,,,947.1097269624574,,71.84641638225256,70.22145328719724
-54.588056,-25.547778,Foz do Iguacu,4.565646258503402,6.237074829931972,6.785034013605443,999.5035034013606,,62.51700680272109,86.5952380952381
-54.056667,-24.556111,Marechal Candido Rondon,,,,970.6747260273974,69.21575342465754,60.76712328767123,56.50342465753425
-52.465278000000005,-23.073056000000005,Paranavai,,,,,,,
