City_long,City_lat,city,pm1.0_atm,pm2.5_atm,pm10.0_atm,pressure,temperature,humidity,voc
-53.05499999999999,-26.081111,Francisco Beltrao,,,,950.1968802228412,57.44568245125348,58.456824512534816,103.3155680224404
-54.09388899999999,-25.295278000000003,Medianeira,1662.2016913319242,1662.5997885835095,1662.845243128964,975.015602536998,59.97463002114165,56.20507399577167,89.98089171974522
-54.58805600000001,-25.547778,Foz do Iguacu,3.1582984658298465,4.849511854951186,5.766108786610878,1004.1349372384938,63.750348675034864,50.34588563458856,79.80279720279721
