City_long,City_lat,city,pm1.0_atm,pm2.5_atm,pm10.0_atm,pressure,temperature,humidity,voc
-53.05499999999999,-26.081111000000003,Francisco Beltrao,,,,947.242439716312,70.68510638297872,73.8595744680851,75.58297872340425
-54.58805600000001,-25.547778,Foz do Iguacu,2.281805555555556,3.3159722222222223,4.066666666666666,996.3687083333332,80.4375,62.06527777777778,101.3091922005571
