City_long,City_lat,city,pm1.0_atm,pm2.5_atm,pm10.0_atm,pressure,temperature,humidity,voc
-53.055,-26.081111,Francisco Beltrao,,,,942.1823850574712,80.29022988505747,61.98132183908046,99.35395683453235
-54.58805600000001,-25.547778,Foz do Iguacu,15.11361111111111,20.95861111111111,24.52736111111111,991.720972222222,86.51666666666667,58.077777777777776,105.0754189944134
