City_long,City_lat,city,pm1.0_atm,pm2.5_atm,pm10.0_atm,pressure,temperature,humidity,voc
-53.05499999999999,-26.081111,Francisco Beltrao,,,,939.443025210084,82.59663865546219,60.76750700280112,98.21288515406162
-54.58805600000001,-25.547778,Foz do Iguacu,5.75827538247566,8.110152990264256,9.473435326842838,989.572280945758,85.40333796940195,56.00278164116829,84.56022408963585
-52.465278000000005,-23.073056000000005,Paranavai,3331.9465483234712,3331.9465483234712,3331.9465483234712,,,,
