City_long,City_lat,city,pm1.0_atm,pm2.5_atm,pm10.0_atm,pressure,temperature,humidity,voc
-53.05499999999999,-26.081111000000003,Francisco Beltrao,,,,947.889361111111,72.49027777777778,64.18611111111112,94.35555555555555
-54.58805600000001,-25.547778,Foz do Iguacu,7.506805555555555,10.048055555555557,11.093611111111112,997.9661111111112,77.02916666666667,65.08611111111111,103.65972222222224
-54.056667,-24.556110999999994,Marechal Candido Rondon,,,,970.8973611111112,78.89305555555555,58.477777777777774,77.69777158774373
-52.46527800000001,-23.073056,Paranavai,,,,,,,
