City_long,City_lat,city,pm1.0_atm,pm2.5_atm,pm10.0_atm,pressure,temperature,humidity,voc
-53.055,-26.081111,Francisco Beltrao,,,,950.6079833101528,62.991655076495135,51.6884561891516,92.40027894002787
-54.58805600000001,-25.547778,Foz do Iguacu,8.234444444444446,11.762916666666667,13.472777777777775,1002.8251527777776,66.63472222222222,51.97083333333333,82.19305555555556
-54.05666699999999,-24.556111,Marechal Candido Rondon,,,,973.9531824611032,75.7114568599717,39.823196605374825,73.2036775106082
-52.46527800000001,-23.073056000000005,Paranavai,,,,,,,
