City_long,City_lat,city,pm1.0_atm,pm2.5_atm,pm10.0_atm,pressure,temperature,humidity,voc
-53.05499999999999,-26.081111000000003,Francisco Beltrao,,,,944.591748942172,75.81805359661494,67.48236953455572,86.12889518413597
-54.58805600000001,-25.547778,Foz do Iguacu,3.381388888888889,4.5418055555555545,5.05875,993.94675,81.9,62.77916666666667,94.38772663877266
-52.465278000000005,-23.073056000000005,Paranavai,3331.8951710261567,3331.8951710261567,3331.8951710261567,,,,
