City_long,City_lat,city,pm1.0_atm,pm2.5_atm,pm10.0_atm,pressure,temperature,humidity,voc
-53.05499999999999,-26.081111,Francisco Beltrao,,,,944.7670406732116,78.50210378681626,62.26227208976157,120.35343618513323
-54.58805600000001,-25.547778,Foz do Iguacu,2.956467315716273,4.213212795549374,5.011126564673157,994.199109874826,83.34353268428373,59.557719054242,101.95403899721448
-52.46527800000001,-23.073056,Paranavai,3331.9739130434778,3331.9739130434778,3331.9739130434778,,,,
