City_long,City_lat,city,pm1.0_atm,pm2.5_atm,pm10.0_atm,pressure,temperature,humidity,voc
-53.05499999999999,-26.081111000000003,Francisco Beltrao,,,,944.67625,70.3,68.71527777777777,84.54798331015299
-54.58805600000001,-25.547778,Foz do Iguacu,9.614742698191932,12.857301808066762,14.194436717663423,995.317260083449,75.46453407510431,64.3115438108484,119.65314685314684
-54.056666999999976,-24.556111,Marechal Candido Rondon,,,,968.0737830319888,75.41446453407511,65.58275382475661,89.65594405594406
-52.465278000000005,-23.073056000000005,Paranavai,,,,,,,
