City_long,City_lat,city,pm1.0_atm,pm2.5_atm,pm10.0_atm,pressure,temperature,humidity,voc
-53.05499999999999,-26.081111000000003,Francisco Beltrao,,,,940.7500796812748,61.43027888446216,69.40637450199203,68.51417004048584
-54.588056000000016,-25.547778,Foz do Iguacu,1.804382470119522,2.547808764940239,2.89601593625498,989.5213147410358,72.2589641434263,59.59362549800797,81.3780487804878
-52.46527800000001,-23.073056,Paranavai,,,,,,,
