City_long,City_lat,city,pm1.0_atm,pm2.5_atm,pm10.0_atm,pressure,temperature,humidity,voc
-53.05499999999999,-26.081111,Francisco Beltrao,,,,945.9341736694678,77.53221288515407,60.628851540616246,89.23842917251052
-54.58805600000001,-25.547778,Foz do Iguacu,4.357997218358832,6.057023643949931,7.013490959666204,994.7318219749652,86.27816411682893,51.56884561891516,91.74789915966386
