City_long,City_lat,city,pm1.0_atm,pm2.5_atm,pm10.0_atm,pressure,temperature,humidity,voc
-53.05499999999999,-26.081111,Francisco Beltrao,,,,949.6244444444444,,66.93333333333334,60.34444444444444
-54.58805600000001,-25.547778,Foz do Iguacu,13.404814814814817,19.44037037037037,23.574444444444445,1001.2355925925924,60.31111111111111,66.22962962962963,91.51119402985074
-52.465278,-23.073056000000005,Paranavai,,,,,,,
