City_long,City_lat,city,pm1.0_atm,pm2.5_atm,pm10.0_atm,pressure,temperature,humidity,voc
-53.05499999999999,-26.081111000000003,Francisco Beltrao,,,,945.375986111111,66.58333333333333,59.23194444444445,105.99162011173183
-54.093889,-25.295278,,,,,968.7063333333332,68.46666666666667,54.93333333333333,106.11666666666666
-54.58805600000001,-25.547778,Foz do Iguacu,11.282638888888888,15.840972222222222,18.355833333333333,995.9507916666668,71.26388888888889,59.09444444444444,118.7709497206704
-54.056667,-24.556110999999994,Marechal Candido Rondon,,,,968.6149027777776,77.50972222222222,44.97916666666666,77.64861111111111
-52.465278000000005,-23.073056,Paranavai,,,,,,,
