City_long,City_lat,city,pm1.0_atm,pm2.5_atm,pm10.0_atm,pressure,temperature,humidity,voc
-53.05499999999999,-26.081111,Francisco Beltrao,,,,950.8295111731844,62.81843575418994,69.3645251396648,70.9704641350211
-54.58805600000001,-25.547778,Foz do Iguacu,11.319722222222223,15.621944444444448,17.525138888888893,1002.67675,67.22222222222223,62.605555555555554,104.82311977715878
-54.056667,-24.556110999999994,Marechal Candido Rondon,,,,974.2216388888888,71.98472222222222,55.8375,66.52222222222223
-52.46527800000001,-23.073056,Paranavai,,,,,,,
-50.161944,-25.095,,,740.65,745.9,919.515,63.0,71.0,98.0
