City_long,City_lat,city,pm1.0_atm,pm2.5_atm,pm10.0_atm,pressure,temperature,humidity,voc
-53.055,-26.081111,Francisco Beltrao,,,,945.4360260115608,83.49566473988439,57.1864161849711,116.79130434782608
-54.58805600000001,-25.547778,Foz do Iguacu,12.369166666666665,17.13125,20.20375,994.6174444444446,89.02916666666667,55.65138888888889,115.13472222222222
-52.46527800000001,-23.073056,Paranavai,3332.052173913043,3332.052173913043,3332.052173913043,,,,
