City_long,City_lat,city,pm1.0_atm,pm2.5_atm,pm10.0_atm,pressure,temperature,humidity,voc
-53.05499999999999,-26.081111,Francisco Beltrao,,,,946.0283333333332,60.46638655462185,73.39075630252101,69.21267605633803
-54.58805600000001,-25.547778,Foz do Iguacu,4.762083333333333,6.641666666666667,7.524166666666666,996.6274583333334,70.10972222222222,61.74027777777778,99.21309192200556
-52.465278000000005,-23.073056000000005,Paranavai,,,,,,,
