City_long,City_lat,city,pm1.0_atm,pm2.5_atm,pm10.0_atm,pressure,temperature,humidity,voc
-53.05499999999999,-26.081111000000003,Francisco Beltrao,,,,945.6352361111112,59.30833333333333,67.58472222222223,103.35195530726256
-54.093889,-25.295278,,1439.7333333333331,1440.4166666666667,1440.9833333333331,975.3016666666666,61.16666666666666,55.16666666666666,113.83333333333331
-54.58805600000001,-25.547778,Foz do Iguacu,2.588038942976356,4.078164116828929,4.89624478442281,998.3187482614742,67.1710709318498,52.477051460361615,80.64016736401673
