City_long,City_lat,city,pm1.0_atm,pm2.5_atm,pm10.0_atm,pressure,temperature,humidity,voc
-53.055,-26.081111,Francisco Beltrao,,,,944.9164516129032,62.956989247311824,73.72401433691756,74.41666666666667
-54.588056,-25.547778,Foz do Iguacu,1.4461794019933556,1.978405315614618,2.2043189368770766,997.5475747508306,66.26910299003322,66.06312292358804,84.74916387959867
-50.161944,-25.095,,,973.7,987.8,911.53,62.0,75.0,166.0
