City_long,City_lat,city,pm1.0_atm,pm2.5_atm,pm10.0_atm,pressure,temperature,humidity,voc
-53.05499999999999,-26.081111,Francisco Beltrao,,,,948.4628651685396,72.2752808988764,62.991573033707866,93.83356840620591
-54.58805600000001,-25.547778,Foz do Iguacu,9.233101529902642,12.989012517385255,13.994575799721837,1000.0452016689846,74.221140472879,66.14464534075104,76.88779803646564
-54.056666999999976,-24.556110999999998,Marechal Candido Rondon,,,,972.0319749652294,82.08901251738526,53.99443671766342,63.41480446927374
