City_long,City_lat,city,pm1.0_atm,pm2.5_atm,pm10.0_atm,pressure,temperature,humidity,voc
-53.05499999999999,-26.081111,Francisco Beltrao,,,,943.8606499261448,65.42983751846381,68.22008862629247,84.43323442136499
-54.58805600000001,-25.547778,Foz do Iguacu,4.951599443671767,7.113351877607789,8.11279554937413,996.5097635605008,66.78303198887343,63.962447844228095,97.64475524475525
-50.161944,-25.095,,,973.7,987.8,911.53,62.0,75.0,166.0
