City_long,City_lat,city,pm1.0_atm,pm2.5_atm,pm10.0_atm,pressure,temperature,humidity,voc
-53.05499999999999,-26.081111000000003,Francisco Beltrao,,,,947.5797777777778,71.08055555555555,60.62361111111111,97.70850767085076
-54.58805600000001,-25.547778,Foz do Iguacu,3.6534722222222222,5.072083333333334,5.603194444444444,1000.7642222222222,71.30694444444444,59.40833333333333,83.36262203626221
-54.056667,-24.556110999999994,Marechal Candido Rondon,,,,972.4745694444445,74.18888888888888,55.84305555555556,63.35138888888889
-52.46527800000001,-23.073056,Paranavai,,,,,,,
