City_long,City_lat,city,pm1.0_atm,pm2.5_atm,pm10.0_atm,pressure,temperature,humidity,voc
-53.05499999999999,-26.081111,Francisco Beltrao,,,,940.6700761904764,78.83619047619048,67.41333333333333,71.92734225621415
-54.58805600000001,-25.547778,Foz do Iguacu,4.52138888888889,6.647083333333333,8.266805555555557,990.0579444444444,85.95833333333333,57.60833333333333,98.09457579972184
-52.46527800000001,-23.073056000000005,Paranavai,3331.569184890656,3331.569184890656,3331.569184890656,,,,
