City_long,City_lat,city,pm1.0_atm,pm2.5_atm,pm10.0_atm,pressure,temperature,humidity,voc
-53.055,-26.081111,Francisco Beltrao,,,,946.2394158553548,66.77746870653685,64.10709318497914,83.13585434173669
-54.58805600000001,-25.547778,Foz do Iguacu,3.6895688456189153,4.9332406119610575,5.38567454798331,997.7353685674548,70.92489568845619,59.02920723226704,87.51960784313725
-54.056667,-24.556110999999994,Marechal Candido Rondon,,,,969.2621388888889,75.34027777777777,64.38194444444444,68.73713490959666
