City_long,City_lat,city,pm1.0_atm,pm2.5_atm,pm10.0_atm,pressure,temperature,humidity,voc
-53.05499999999999,-26.081111,Francisco Beltrao,,,,941.5391865357644,80.74333800841515,56.33099579242637,110.07303370786516
-54.58805600000001,-25.547778,Foz do Iguacu,6.093611111111111,8.203888888888889,9.30013888888889,990.4793888888888,86.49583333333334,55.44722222222222,101.56824512534818
