City_long,City_lat,city,pm1.0_atm,pm2.5_atm,pm10.0_atm,pressure,temperature,humidity,voc
-53.05499999999999,-26.081111,Francisco Beltrao,,,,943.0646239554318,73.52228412256268,65.4025069637883,93.34170153417016
-54.58805600000001,-25.547778,Foz do Iguacu,8.299722222222222,10.896527777777775,11.786111111111111,994.4775833333332,77.38055555555556,60.47916666666666,80.3894297635605
-54.056667,-24.556110999999994,Marechal Candido Rondon,,,,966.7861666666668,78.83055555555555,64.94027777777778,73.06388888888888
