City_long,City_lat,city,pm1.0_atm,pm2.5_atm,pm10.0_atm,pressure,temperature,humidity,voc
-53.055,-26.081111,Francisco Beltrao,,,,943.1468571428572,64.51,64.94571428571429,93.56565656565655
-54.58805600000001,-25.547777999999997,Foz do Iguacu,4.167916666666666,5.815277777777778,6.473055555555556,993.3971944444444,68.81666666666666,60.084722222222226,83.08811188811188
