City_long,City_lat,city,pm1.0_atm,pm2.5_atm,pm10.0_atm,pressure,temperature,humidity,voc
-53.05499999999999,-26.081111,Francisco Beltrao,,,,944.6422097902096,79.0923076923077,63.78041958041958,92.90730337078652
-54.58805600000001,-25.547778,Foz do Iguacu,3.010431154381085,4.130876216968011,4.73240611961057,992.9403616133516,87.1557719054242,59.0403337969402,80.56345885634589
-52.465278000000005,-23.073056,Paranavai,3332.1952848722985,3332.1952848722985,3332.1952848722985,,,,
