City_long,City_lat,city,pm1.0_atm,pm2.5_atm,pm10.0_atm,pressure,temperature,humidity,voc
-53.05499999999999,-26.081111000000003,Francisco Beltrao,,,,945.3442634560907,76.77762039660057,68.21388101983003,108.4502840909091
-54.58805600000001,-25.547778,Foz do Iguacu,3.8090277777777777,5.2740277777777775,6.203194444444445,994.325402777778,83.625,60.6125,104.85913528591352
-52.46527800000001,-23.073056,Paranavai,3332.1632734530936,3332.1632734530936,3332.1632734530936,,,,
