City_long,City_lat,city,pm1.0_atm,pm2.5_atm,pm10.0_atm,pressure,temperature,humidity,voc
-53.05499999999999,-26.081111000000003,Francisco Beltrao,,,,945.4428349788434,84.04654442877292,58.950634696756,121.08794326241134
-54.58805600000001,-25.547778,Foz do Iguacu,9.377607788595272,12.602781641168292,14.656189151599444,995.0048400556328,88.68567454798331,56.6356050069541,108.26610644257704
-52.46527800000001,-23.073056,Paranavai,3331.958682634731,3331.958682634731,3331.958682634731,,,,
