City_long,City_lat,city,pm1.0_atm,pm2.5_atm,pm10.0_atm,pressure,temperature,humidity,voc
-53.055,-26.081111,Francisco Beltrao,,,,946.1037969401948,64.16550764951322,55.58970792767733,98.2891061452514
-54.093889,-25.295278,,,,,970.4143589743592,67.92307692307692,54.92307692307692,85.82051282051282
-54.58805600000001,-25.547778,Foz do Iguacu,12.141666666666667,17.557916666666667,21.29888888888889,997.1022916666666,69.78055555555555,55.24027777777778,138.93165969316598
-54.056667,-24.556110999999994,Marechal Candido Rondon,,,,969.780513888889,76.1875,43.80833333333333,101.49027777777778
-52.465278000000005,-23.073056000000005,Paranavai,,,,,,,
