City_long,City_lat,city,pm1.0_atm,pm2.5_atm,pm10.0_atm,pressure,temperature,humidity,voc
-53.05499999999999,-26.081111,Francisco Beltrao,,,,947.0479663394108,80.3492286115007,62.40673211781206,119.6169014084507
-54.58805600000001,-25.547778,Foz do Iguacu,4.882197496522949,6.585257301808066,7.686230876216967,995.5054659248958,86.36578581363004,56.944367176634216,86.77576601671309
-52.465278000000005,-23.073056000000005,Paranavai,3326.08,3326.08,3326.08,,,,
