City_long,City_lat,city,pm1.0_atm,pm2.5_atm,pm10.0_atm,pressure,temperature,humidity,voc
-53.05499999999999,-26.081111,Francisco Beltrao,,,,948.0067692307694,73.57622377622377,62.18741258741259,88.12167832167832
-54.58805600000001,-25.547778,Foz do Iguacu,7.8251388888888895,10.83125,11.996111111111112,998.8994861111112,77.13888888888889,61.44444444444444,101.2703081232493
-54.056667,-24.556110999999994,Marechal Candido Rondon,,,,971.3769027777778,84.72638888888889,52.74305555555556,72.48333333333333
-52.465278000000005,-23.073056000000005,Paranavai,,,,,,,
