City_long,City_lat,city,pm1.0_atm,pm2.5_atm,pm10.0_atm,pressure,temperature,humidity,voc
-53.05499999999999,-26.081111,Francisco Beltrao,,,,947.6385252808988,75.8314606741573,70.60955056179775,97.30508474576273
-54.58805600000001,-25.547778,Foz do Iguacu,9.715020862308762,13.439499304589708,14.638247566063978,998.8384700973576,79.7134909596662,65.0778859527121,84.63356643356643
-54.056667,-24.556110999999994,Marechal Candido Rondon,,,,971.7992638888888,81.16805555555555,64.2875,74.82638888888889
-52.465278000000005,-23.073056000000005,Paranavai,,,,,,,
