City_long,City_lat,city,pm1.0_atm,pm2.5_atm,pm10.0_atm,pressure,temperature,humidity,voc
-53.05499999999999,-26.081111000000003,Francisco Beltrao,,,,947.4861805555556,63.70555555555556,52.605555555555554,92.90125173852572
-54.093889,-25.295278000000003,Medianeira,,,,971.1232510288066,60.60493827160494,56.325102880658434,77.31120331950207
-54.58805600000001,-25.547778,Foz do Iguacu,11.564902506963788,16.85055710306407,20.561559888579385,999.210877437326,65.9025069637883,55.239554317548745,126.08507670850769
-54.056667,-24.556110999999994,Marechal Candido Rondon,,,,971.4309583333334,73.59444444444445,42.025,110.16434540389972
-52.465278000000005,-23.073056,Paranavai,,,,,,,
