City_long,City_lat,city,pm1.0_atm,pm2.5_atm,pm10.0_atm,pressure,temperature,humidity,voc
-53.05499999999999,-26.081111,Francisco Beltrao,,,,948.7082451253482,73.6740947075209,63.62534818941504,93.115760111576
-54.58805600000001,-25.547778,Foz do Iguacu,9.803472222222222,13.650833333333336,15.825833333333334,999.4721388888888,77.15972222222223,63.71527777777778,102.61785216178522
-54.056667,-24.556110999999994,Marechal Candido Rondon,,,,972.1736666666667,79.16111111111111,56.55277777777778,84.58611111111111
