City_long,City_lat,city,pm1.0_atm,pm2.5_atm,pm10.0_atm,pressure,temperature,humidity,voc
-53.05499999999999,-26.081111,Francisco Beltrao,,,,944.154466571835,81.14082503556187,57.46088193456615,105.3048433048433
-54.58805600000001,-25.547778,Foz do Iguacu,11.756805555555555,16.67013888888889,20.065416666666668,993.3606111111112,88.91388888888889,52.57361111111111,98.98189415041784
-52.46527800000001,-23.073056,Paranavai,3331.902964426877,3331.902964426877,3331.902964426877,,,,
