City_long,City_lat,city,pm1.0_atm,pm2.5_atm,pm10.0_atm,pressure,temperature,humidity,voc
-53.05499999999999,-26.081111000000003,Francisco Beltrao,,,,950.2652222222222,63.79861111111112,49.31805555555555,97.59052924791088
-54.58805600000001,-25.547778,Foz do Iguacu,12.910138888888888,18.717916666666667,22.587222222222223,1001.484847222222,67.93333333333334,59.08055555555556,132.9108635097493
-52.465278000000005,-23.073056,Paranavai,,,,,,,
