City_long,City_lat,city,pm1.0_atm,pm2.5_atm,pm10.0_atm,pressure,temperature,humidity,voc
-53.05499999999999,-26.081111,Francisco Beltrao,,,,951.1171727019498,69.53621169916434,61.75348189415042,98.18410041841004
-54.58805600000001,-25.547778,Foz do Iguacu,10.386787204450624,14.95855354659249,17.824756606397777,1000.7794993045896,77.65785813630042,55.85257301808067,113.20723226703755
-54.056667,-24.556110999999994,Marechal Candido Rondon,,,,973.9180694444444,79.54722222222222,49.275,89.45125348189416
-52.465278000000005,-23.073056000000005,Paranavai,,,,,,,
