City_long,City_lat,city,pm1.0_atm,pm2.5_atm,pm10.0_atm,pressure,temperature,humidity,voc
-53.05499999999998,-26.081111,Francisco Beltrao,,,,938.836216768916,68.79754601226993,76.35787321063394,84.40490797546012
-54.58805600000002,-25.547778,Foz do Iguacu,0.2118852459016393,0.4608606557377048,0.7969262295081967,990.8274795081968,71.38729508196721,59.84426229508197,88.68172484599589
-52.465278000000005,-23.073056000000005,Paranavai,3332.121568627452,3332.121568627452,3332.121568627452,,,,
