City_long,City_lat,city,pm1.0_atm,pm2.5_atm,pm10.0_atm,pressure,temperature,humidity,voc
-53.05499999999999,-26.081111000000003,Francisco Beltrao,,,,943.7963472222224,66.3861111111111,77.36805555555556,86.24512534818942
-54.58805600000001,-25.547778,Foz do Iguacu,11.2326842837274,16.021140472878997,19.095271210013905,993.4180111265648,75.12934631432545,66.92489568845619,92.41176470588236
-54.056667,-24.556110999999994,Marechal Candido Rondon,,,,966.9834861111112,73.32222222222222,68.08194444444445,77.72739916550765
-52.465278000000005,-23.073056,Paranavai,,,,,,,
-50.161944,-25.095,,,617.3,638.7,913.28,64.0,81.0,64.0
