City_long,City_lat,city,pm1.0_atm,pm2.5_atm,pm10.0_atm,pressure,temperature,humidity,voc
-53.05499999999999,-26.081111,Francisco Beltrao,,,,944.9756267409472,78.15877437325905,55.3050139275766,85.47346368715084
-54.58805600000001,-25.547778,Foz do Iguacu,4.90208913649025,6.813509749303622,7.720194986072424,995.197520891365,81.81615598885794,51.559888579387184,87.48101265822785
-52.465278000000005,-23.073056000000005,Paranavai,3332.1483234714,3332.1483234714,3332.1483234714,,,,
