City_long,City_lat,city,pm1.0_atm,pm2.5_atm,pm10.0_atm,pressure,temperature,humidity,voc
-53.05499999999999,-26.081111,Francisco Beltrao,,,,952.754582172702,69.14345403899722,60.45961002785516,111.70224719101124
-54.58805600000001,-25.547778,Foz do Iguacu,9.093045897079277,12.703059805285118,14.318497913769123,1002.485104311544,76.23783031988873,54.82197496522949,88.29149232914924
-54.056667,-24.556110999999994,Marechal Candido Rondon,,,,974.9994305555556,79.98472222222222,47.925,81.17130919220055
-52.465278000000005,-23.073056000000005,Paranavai,,,,,,,
