City_long,City_lat,city,pm1.0_atm,pm2.5_atm,pm10.0_atm,pressure,temperature,humidity,voc
-53.05499999999999,-26.081111000000003,Francisco Beltrao,,,,948.6767328918322,52.53863134657836,59.29139072847682,85.2626931567329
-54.58805600000001,-25.547778,Foz do Iguacu,8.141629955947137,11.950660792951542,13.6568281938326,1002.1916960352424,57.77092511013216,59.69603524229075,76.83664459161147
-52.465278000000005,-23.073056000000005,Paranavai,,,,,,,
