City_long,City_lat,city,pm1.0_atm,pm2.5_atm,pm10.0_atm,pressure,temperature,humidity,voc
-53.05499999999999,-26.081111,Francisco Beltrao,,,,939.6782681564246,80.2304469273743,55.68016759776536,112.6159217877095
-54.58805600000001,-25.547778,Foz do Iguacu,9.196527777777778,13.175,15.638611111111112,989.4595277777778,84.16805555555555,55.25138888888889,98.19777158774372
