City_long,City_lat,city,pm1.0_atm,pm2.5_atm,pm10.0_atm,pressure,temperature,humidity,voc
-53.05499999999999,-26.081111000000003,Francisco Beltrao,,,,942.9172083333334,67.675,79.4263888888889,95.26433566433566
-54.58805600000001,-25.547778,Foz do Iguacu,3.217916666666666,4.440833333333334,4.961111111111111,992.642,75.47638888888889,66.54166666666667,93.42119944211994
-54.05666699999998,-24.556110999999994,Marechal Candido Rondon,,,,966.3087883008355,73.008356545961,69.63788300835654,81.72408963585434
-52.46527800000001,-23.073056000000005,Paranavai,,,,,,,
