City_long,City_lat,city,pm1.0_atm,pm2.5_atm,pm10.0_atm,pressure,temperature,humidity,voc
-53.05499999999999,-26.081111000000003,Francisco Beltrao,,,,944.409763888889,78.0513888888889,54.765277777777776,90.93156424581004
-54.093889,-25.295278,Medianeira,1666.4734939759037,1666.7481927710842,1667.075903614458,967.555060240964,73.59437751004016,67.89558232931726,64.95967741935483
-54.58805600000001,-25.547778,Foz do Iguacu,2.401388888888889,3.334722222222222,3.8966666666666665,995.4681111111112,80.39444444444445,52.725,79.38803894297635
-52.465278000000005,-23.073056000000005,Paranavai,3332.229761904762,3332.229761904762,3332.229761904762,,,,
