City_long,City_lat,city,pm1.0_atm,pm2.5_atm,pm10.0_atm,pressure,temperature,humidity,voc
-53.055,-26.081111,Francisco Beltrao,,,,948.3669819193324,61.05980528511822,57.70375521557719,93.54761904761904
-54.58805600000001,-25.547778,Foz do Iguacu,11.936527777777776,16.837638888888893,19.737222222222226,1000.3045416666666,65.14444444444445,60.44027777777778,100.466573816156
-54.056666999999976,-24.556110999999994,Marechal Candido Rondon,,,,972.0455578512396,72.6198347107438,49.79752066115702,82.54545454545455
-52.465278,-23.07305600000001,Paranavai,,,,,,,
