City_long,City_lat,city,pm1.0_atm,pm2.5_atm,pm10.0_atm,pressure,temperature,humidity,voc
-53.055,-26.081111,Francisco Beltrao,,,,946.91561891516,75.3894297635605,70.20723226703755,96.57023643949933
-54.58805600000001,-25.547778,Foz do Iguacu,10.030694444444444,13.43861111111111,14.945,996.5695833333332,81.00694444444444,63.859722222222224,100.10431154381084
-54.056667,-24.556110999999994,Marechal Candido Rondon,,,,970.1027916666668,84.58333333333333,57.35694444444445,92.17916666666666
-52.46527800000001,-23.073056000000005,Paranavai,,,,,,,
