City_long,City_lat,city,pm1.0_atm,pm2.5_atm,pm10.0_atm,pressure,temperature,humidity,voc
-53.055,-26.081111,Francisco Beltrao,,,,949.695090403338,67.27816411682893,69.8191933240612,89.77482517482518
-54.58805600000001,-25.547778,Foz do Iguacu,14.876666666666669,20.91625,24.117083333333333,1001.6280833333336,70.18611111111112,63.609722222222224,97.48467966573816
-54.056666999999976,-24.556111,Marechal Candido Rondon,,,,973.63,73.3518776077886,59.26008344923505,72.43697478991596
