City_long,City_lat,city,pm1.0_atm,pm2.5_atm,pm10.0_atm,pressure,temperature,humidity,voc
-53.05499999999999,-26.081111,Francisco Beltrao,,,,948.2636414565826,62.06582633053221,56.55042016806723,92.04084507042252
-54.58805600000001,-25.547778,Foz do Iguacu,5.53,7.973749999999999,9.175972222222224,997.7803055555556,71.3875,52.24027777777778,78.03055555555555
-52.465278000000005,-23.073056000000005,Paranavai,,,,,,,
