City_long,City_lat,city,pm1.0_atm,pm2.5_atm,pm10.0_atm,pressure,temperature,humidity,voc
-53.05499999999999,-26.081111000000003,Francisco Beltrao,,,,946.3905694444444,70.75694444444444,62.10138888888889,100.97910863509748
-54.58805600000001,-25.547778,Foz do Iguacu,12.837916666666665,17.971944444444443,21.188333333333333,997.0731111111112,78.0375,60.016666666666666,110.6159217877095
-54.056667,-24.556111,Marechal Candido Rondon,,,,969.979048951049,81.91608391608392,44.07552447552448,84.16783216783217
-52.465278000000005,-23.073056000000005,Paranavai,,,,,,,
