City_long,City_lat,city,pm1.0_atm,pm2.5_atm,pm10.0_atm,pressure,temperature,humidity,voc
-53.05499999999999,-26.081111,Francisco Beltrao,,,,949.6055421686748,57.34538152610442,68.16867469879519,73.38306451612904
-54.588056,-25.547778,Foz do Iguacu,11.67123745819398,15.907023411371236,17.569565217391304,1002.0622073578596,62.01003344481605,60.675585284280935,76.77852348993288
-54.056667,-24.556111,Marechal Candido Rondon,,,,973.3163545150504,66.16722408026756,59.55183946488295,56.11409395973154
-52.465277999999984,-23.073056000000012,Paranavai,,,,,,,
