City_long,City_lat,city,pm1.0_atm,pm2.5_atm,pm10.0_atm,pressure,temperature,humidity,voc
-53.05499999999999,-26.081111000000003,Francisco Beltrao,,,,944.8357222222222,66.97083333333333,60.50138888888889,102.08798882681565
-54.58805600000001,-25.547778,Foz do Iguacu,2.5484722222222222,3.6141666666666654,4.067916666666667,996.1741388888888,70.9888888888889,59.33611111111111,89.51321279554938
-54.056667,-24.556110999999994,Marechal Candido Rondon,,,,968.6042500000001,71.95,55.361111111111114,83.49652294853963
