City_long,City_lat,city,pm1.0_atm,pm2.5_atm,pm10.0_atm,pressure,temperature,humidity,voc
-53.05499999999999,-26.081111,Francisco Beltrao,,,,942.6345264623956,70.52646239554318,75.41922005571031,84.3268156424581
-54.58805600000001,-25.547778,Foz do Iguacu,5.9647632311977725,8.137604456824512,9.28732590529248,993.0705431754876,75.483286908078,65.7715877437326,123.92039106145252
-52.465278000000005,-23.073056000000005,Paranavai,3332.037204724409,3332.037204724409,3332.037204724409,,,,
