City_long,City_lat,city,pm1.0_atm,pm2.5_atm,pm10.0_atm,pressure,temperature,humidity,voc
-53.055,-26.081111,Francisco Beltrao,,,,945.6901251738528,69.66620305980528,59.09596662030598,97.0195530726257
-54.58805600000001,-25.547778,Foz do Iguacu,10.99346314325452,15.34575799721836,17.56286509040334,995.748942976356,77.72183588317107,54.56189151599444,94.37622377622378
-54.056667,-24.556110999999994,Marechal Candido Rondon,,,,968.9519999999999,80.85,44.36805555555556,81.24339360222531
