City_long,City_lat,city,pm1.0_atm,pm2.5_atm,pm10.0_atm,pressure,temperature,humidity,voc
-53.05499999999999,-26.081111000000003,Francisco Beltrao,,,,942.0618696883852,78.45184135977337,60.3328611898017,90.52056737588651
-54.58805600000001,-25.547778,Foz do Iguacu,7.49875,9.857916666666666,11.126666666666663,990.8510833333332,84.80833333333334,58.34444444444444,106.47844228094576
-52.465278000000005,-23.073056000000005,Paranavai,3331.964173228346,3331.964173228346,3331.964173228346,,,,
