City_long,City_lat,city,pm1.0_atm,pm2.5_atm,pm10.0_atm,pressure,temperature,humidity,voc
-53.055,-26.081111,Francisco Beltrao,,,,944.4265954415954,69.12108262108262,52.6937321937322,90.29243937232523
-54.58805600000001,-25.547778,Foz do Iguacu,3.0829166666666663,4.551805555555556,5.364027777777778,995.4583472222222,71.40277777777777,55.7625,111.97482517482516
-52.465278000000005,-23.073056000000005,Paranavai,3332.019277108434,3332.108032128513,3332.108032128513,,,,
