City_long,City_lat,city,pm1.0_atm,pm2.5_atm,pm10.0_atm,pressure,temperature,humidity,voc
-53.05499999999999,-26.081111,Francisco Beltrao,,,,946.3938148667602,75.24403927068724,75.6647966339411,82.80422535211268
-54.58805600000001,-25.547778,Foz do Iguacu,6.0152777777777775,7.997638888888888,9.02375,996.1537916666666,83.49027777777778,64.95277777777778,107.3668061366806
