City_long,City_lat,city,pm1.0_atm,pm2.5_atm,pm10.0_atm,pressure,temperature,humidity,voc
-53.055,-26.081111,Francisco Beltrao,,,,944.3365512265513,73.99567099567099,53.8037518037518,102.56421356421356
-54.58805600000001,-25.547778,Foz do Iguacu,1.48875,2.207777777777778,2.675,995.7384027777778,77.48194444444445,54.74861111111111,71.27832167832167
-52.465278000000005,-23.073056000000005,Paranavai,3330.9498993963784,3330.9503018108653,3330.9523138833,,,,
