City_long,City_lat,city,pm1.0_atm,pm2.5_atm,pm10.0_atm,pressure,temperature,humidity,voc
-53.055,-26.081111,Francisco Beltrao,,,,945.5824200278164,73.50347705146037,62.5730180806676,107.94405594405596
-54.58805600000001,-25.547778,Foz do Iguacu,8.603472222222223,11.847777777777775,13.255694444444446,996.8448055555556,76.31388888888888,61.394444444444446,94.45378151260503
-54.05666699999999,-24.556111,Marechal Candido Rondon,,,,969.0902555366268,81.85689948892674,51.14991482112436,77.03754266211604
-52.465278000000005,-23.073056000000005,Paranavai,,,,,,,
