City_long,City_lat,city,pm1.0_atm,pm2.5_atm,pm10.0_atm,pressure,temperature,humidity,voc
-53.05499999999999,-26.081111,Francisco Beltrao,,,,943.5337078651686,79.74438202247191,59.16573033707865,101.78089887640448
-54.58805600000001,-25.547778,Foz do Iguacu,5.413194444444445,7.420694444444444,8.637916666666666,991.948875,89.59444444444445,54.87638888888889,102.54545454545456
-52.465278000000005,-23.073056,Paranavai,3331.124754420432,3331.124754420432,3331.126129666012,,,,
