City_long,City_lat,city,pm1.0_atm,pm2.5_atm,pm10.0_atm,pressure,temperature,humidity,voc
-53.05499999999999,-26.081111,Francisco Beltrao,,,,944.587094972067,82.25,60.63128491620112,96.87237026647966
-54.58805600000001,-25.547778,Foz do Iguacu,4.074166666666667,5.468333333333333,6.322222222222222,994.0082638888888,86.81944444444444,60.69166666666667,111.2200557103064
-52.465278000000005,-23.073056,Paranavai,3332.10884086444,3332.10884086444,3332.10884086444,,,,
