City_long,City_lat,city,pm1.0_atm,pm2.5_atm,pm10.0_atm,pressure,temperature,humidity,voc
-53.05499999999999,-26.081111000000003,Francisco Beltrao,,,,948.78075,67.28472222222223,60.37361111111111,90.25972222222222
-54.093889,-25.295278,,,584.4166666666666,586.0833333333334,971.7866666666664,62.16666666666666,,69.33333333333333
-54.58805600000001,-25.547778,Foz do Iguacu,9.119305555555554,12.894166666666663,14.742777777777777,1001.3093888888887,67.74305555555556,57.94583333333333,84.27437325905292
-54.056667,-24.556110999999994,Marechal Candido Rondon,,,,973.0096944444444,75.64722222222223,51.11944444444445,62.721059972106
-52.465278000000005,-23.073056000000005,Paranavai,,,,,,,
