City_long,City_lat,city,pm1.0_atm,pm2.5_atm,pm10.0_atm,pressure,temperature,humidity,voc
-53.05499999999999,-26.081111,Francisco Beltrao,,,,942.878904494382,79.86376404494382,61.7373595505618,97.37974683544304
-54.58805600000001,-25.547778,Foz do Iguacu,3.935,5.196527777777778,5.962777777777777,991.1226944444444,87.71666666666667,55.704166666666666,87.90389972144847
-52.465278000000005,-23.073056,Paranavai,3332.044793713163,3332.044793713163,3332.044793713163,,,,
