City_long,City_lat,city,pm1.0_atm,pm2.5_atm,pm10.0_atm,pressure,temperature,humidity,voc
-53.05499999999999,-26.081111000000003,Francisco Beltrao,,,,946.0355148095908,81.53173483779972,61.64033850493653,114.96468926553672
-54.58805600000001,-25.547778,Foz do Iguacu,7.994027777777777,10.807916666666667,12.60611111111111,994.168097222222,88.5,54.54166666666666,90.6513249651325
-52.465278000000005,-23.073056,Paranavai,3331.928056112225,3331.928056112225,3331.928056112225,,,,
