City_long,City_lat,city,pm1.0_atm,pm2.5_atm,pm10.0_atm,pressure,temperature,humidity,voc
-53.055,-26.081111,Francisco Beltrao,,,,947.7617107093184,73.29346314325451,60.68706536856745,99.05571030640668
-54.58805600000001,-25.547778,Foz do Iguacu,8.293333333333335,11.540694444444446,13.391944444444446,997.5480833333334,78.37083333333334,60.07361111111111,124.516713091922
-54.056666999999976,-24.556111,Marechal Candido Rondon,,,,970.5446175243396,85.45897079276773,50.26564673157163,80.30222841225627
-52.465278000000005,-23.073056000000005,Paranavai,,,,,,,
